iso3,country,year,happiness_rank,life_evaluation_3yr_avg,tax_revenue_excl_sc
AFG,Afghanistan,2011,131,4.258,0.0918127777177044
AFG,Afghanistan,2012,143,4.04,0.07741055759216073
AFG,Afghanistan,2014,153,3.575,0.06843886051353193
AFG,Afghanistan,2015,154,3.36,0.07561798768669542
AFG,Afghanistan,2016,141,3.794,0.09537749890068091
AFG,Afghanistan,2017,145,3.632,0.09910126769381779
AFG,Afghanistan,2018,154,3.203,
AFG,Afghanistan,2019,153,2.56690001487732,
AFG,Afghanistan,2020,150,2.523,
AFG,Afghanistan,2021,146,2.404,
AFG,Afghanistan,2022,137,1.859,
AFG,Afghanistan,2023,143,1.721,
AFG,Afghanistan,2024,147,1.364,
ALB,Albania,2011,88,5.134,0.18761277494494952
ALB,Albania,2012,62,5.55,0.1811008109927064
ALB,Albania,2014,95,4.959,0.19013151088830044
ALB,Albania,2015,109,4.655,0.1915852045622032
ALB,Albania,2016,109,4.644,0.18333585063012783
ALB,Albania,2017,112,4.586,0.19790383356603222
ALB,Albania,2018,107,4.719,0.19589345218820453
ALB,Albania,2019,105,4.88269996643066,0.1924259251269133
ALB,Albania,2020,94,5.117,0.1805603451677187
ALB,Albania,2021,90,5.199,0.19349270703361543
ALB,Albania,2022,83,5.277,0.19202958932143124
ALB,Albania,2023,87,5.304,0.1933496281876043
ALB,Albania,2024,89,5.411,
,Algeria,2011,71,5.368,
,Algeria,2012,73,5.422,
,Algeria,2014,68,5.605,
,Algeria,2015,38,6.355,
,Algeria,2016,53,5.872,
,Algeria,2017,84,5.295,
,Algeria,2018,88,5.211,
,Algeria,2019,100,5.00509977340698,
,Algeria,2020,110,4.887,
,Algeria,2021,96,5.122,
,Algeria,2022,81,5.329,
,Algeria,2023,85,5.364,
,Algeria,2024,84,5.571,
,Angola,2011,135,4.178,
,Angola,2012,61,5.589,
,Angola,2014,137,4.033,
,Angola,2015,141,3.866,
,Angola,2016,140,3.795,
,Angola,2017,142,3.795,
ARG,Argentina,2011,39,6.242,0.2300306524847822
ARG,Argentina,2012,29,6.562,0.23820142544449896
ARG,Argentina,2014,30,6.574,0.24404242462360393
ARG,Argentina,2015,26,6.65,0.24477324838261277
ARG,Argentina,2016,24,6.599,0.23903117464901022
ARG,Argentina,2017,29,6.388,0.23163062272214066
ARG,Argentina,2018,47,6.086,0.2231145248318205
ARG,Argentina,2019,55,5.97469997406006,0.22817975638687096
ARG,Argentina,2020,58,5.929,0.24056103433856624
ARG,Argentina,2021,57,5.967,0.23932810957482412
ARG,Argentina,2022,52,6.024,0.24315769295432665
ARG,Argentina,2023,48,6.188,
ARG,Argentina,2024,42,6.397,
ARM,Armenia,2011,122,4.474,0.17735763721874265
ARM,Armenia,2012,128,4.316,0.1796031886849546
ARM,Armenia,2014,127,4.35,
ARM,Armenia,2015,121,4.36,
ARM,Armenia,2016,121,4.376,
ARM,Armenia,2017,129,4.321,
ARM,Armenia,2018,116,4.559,
ARM,Armenia,2019,116,4.67679977416992,
ARM,Armenia,2020,87,5.283,
ARM,Armenia,2021,82,5.399,
ARM,Armenia,2022,79,5.342,
ARM,Armenia,2023,82,5.455,
ARM,Armenia,2024,87,5.494,
AUS,Australia,2011,9,7.345,0.26345849463185794
AUS,Australia,2012,10,7.35,0.2718157526570711
AUS,Australia,2014,10,7.284,0.2732292731270711
AUS,Australia,2015,9,7.313,0.2808929235534041
AUS,Australia,2016,9,7.284,0.28493033917671484
AUS,Australia,2017,10,7.272,0.2917028286479421
AUS,Australia,2018,11,7.228,0.2936891860477988
AUS,Australia,2019,12,7.22279977798462,0.2749839870122583
AUS,Australia,2020,12,7.183,0.29853267349621937
AUS,Australia,2021,12,7.162,0.3083663641910447
AUS,Australia,2022,12,7.095,0.3036108746267309
AUS,Australia,2023,10,7.057,
AUS,Australia,2024,11,6.974,
AUT,Austria,2011,13,7.227,0.2714095888323891
AUT,Austria,2012,8,7.369,0.2767066075794046
AUT,Austria,2014,13,7.2,0.2819854133022759
AUT,Austria,2015,12,7.119,0.28641211523546994
AUT,Austria,2016,13,7.006,0.27259972861345383
AUT,Austria,2017,12,7.139,0.2727345776298049
AUT,Austria,2018,10,7.246,0.2755120787413633
AUT,Austria,2019,9,7.29419994354248,0.27740385644358384
AUT,Austria,2020,11,7.268,0.2660472440789836
AUT,Austria,2021,11,7.163,0.28019638313990936
AUT,Austria,2022,11,7.097,0.28443038037475743
AUT,Austria,2023,14,6.905,0.2774846837025925
AUT,Austria,2024,17,6.81,
AZE,Azerbaijan,2011,116,4.582,
AZE,Azerbaijan,2012,116,4.604,
AZE,Azerbaijan,2014,80,5.212,
AZE,Azerbaijan,2015,81,5.291,
AZE,Azerbaijan,2016,85,5.234,
AZE,Azerbaijan,2017,87,5.201,
AZE,Azerbaijan,2018,90,5.208,
AZE,Azerbaijan,2019,89,5.16480016708374,
AZE,Azerbaijan,2020,91,5.171,0.15736173496100747
AZE,Azerbaijan,2021,92,5.173,0.14696951814855744
AZE,Azerbaijan,2023,101,4.893,0.18519421816821943
AZE,Azerbaijan,2024,106,4.875,
,Bahrain,2011,61,5.568,
,Bahrain,2012,79,5.312,
,Bahrain,2014,49,5.96,
,Bahrain,2015,42,6.218,
,Bahrain,2016,41,6.087,
,Bahrain,2017,43,6.105,
,Bahrain,2018,37,6.199,
,Bahrain,2019,40,6.22730016708374,
,Bahrain,2020,23,6.647,
,Bahrain,2021,21,6.647,
,Bahrain,2022,42,6.173,
,Bahrain,2023,62,5.959,
,Bahrain,2024,59,6.03,
BGD,Bangladesh,2011,104,4.807,0.08664733845788823
BGD,Bangladesh,2012,108,4.804,0.08635124862435466
BGD,Bangladesh,2014,109,4.694,0.08430682256742213
BGD,Bangladesh,2015,110,4.643,0.08460569742356494
BGD,Bangladesh,2016,110,4.608,0.08269325727025596
BGD,Bangladesh,2017,115,4.5,0.08704224527999098
BGD,Bangladesh,2018,125,4.456,0.08364943347498985
BGD,Bangladesh,2019,107,4.83279991149902,0.0733379710870884
BGD,Bangladesh,2020,102,5.025,0.08253929213131658
BGD,Bangladesh,2021,94,5.155,0.0835155145419016
BGD,Bangladesh,2022,118,4.282,0.08346572781480571
BGD,Bangladesh,2023,129,3.886,
BGD,Bangladesh,2024,134,3.851,
BLR,Belarus,2011,62,5.566,0.23904312449145648
BLR,Belarus,2012,66,5.504,0.25202330082904206
BLR,Belarus,2014,59,5.813,0.23457323794040633
BLR,Belarus,2015,61,5.802,0.24776657616716719
BLR,Belarus,2016,67,5.569,0.251210292621302
BLR,Belarus,2017,73,5.483,0.2416603973786738
BLR,Belarus,2018,81,5.323,0.25064491915712883
BLR,Belarus,2019,75,5.5398998260498,0.2380029535080753
BLR,Belarus,2020,76,5.534,0.21871658330227556
BLR,Belarus,2021,65,5.821,0.23568665284459409
BEL,Belgium,2011,15,7.113,0.2942627846651843
BEL,Belgium,2012,21,6.967,0.30069374312164177
BEL,Belgium,2014,19,6.937,0.3058592470546198
BEL,Belgium,2015,18,6.929,0.30034844295203766
BEL,Belgium,2016,17,6.891,0.2980697129637165
BEL,Belgium,2017,16,6.927,0.30386045107291315
BEL,Belgium,2018,18,6.923,0.30558154150300726
BEL,Belgium,2019,20,6.86350011825562,0.2919916733865913
BEL,Belgium,2020,21,6.834,0.28713669970794836
BEL,Belgium,2021,19,6.805,0.29171716493262634
BEL,Belgium,2022,17,6.859,0.2948837509066895
BEL,Belgium,2023,16,6.894,0.2939394350768515
BEL,Belgium,2024,14,6.91,
BLZ,Belize,2011,34,6.451,0.18739416993798103
BLZ,Belize,2015,52,5.956,0.1981362486026857
BLZ,Belize,2016,50,5.956,0.20643317084896648
BLZ,Belize,2017,49,5.956,0.21434015946858453
BLZ,Belize,2024,25,6.711,
,Benin,2011,155,3.493,
,Benin,2012,155,3.528,
,Benin,2014,155,3.34,
,Benin,2015,153,3.484,
,Benin,2016,143,3.657,
,Benin,2017,136,4.141,
,Benin,2018,102,4.883,
,Benin,2019,86,5.21600008010864,
,Benin,2020,100,5.045,
,Benin,2021,115,4.623,
,Benin,2022,116,4.374,
,Benin,2023,116,4.377,
,Benin,2024,121,4.357,
BTN,Bhutan,2014,79,5.253,0.1517896471571449
BTN,Bhutan,2015,84,5.196,0.14920379430439726
BTN,Bhutan,2016,97,5.011,0.14284638288772689
BTN,Bhutan,2017,97,5.082,0.15133306508404396
BTN,Bhutan,2018,95,5.082,0.14088985638385645
BOL,Bolivia,2011,57,5.633,
BOL,Bolivia,2012,50,5.857,
BOL,Bolivia,2014,51,5.89,
BOL,Bolivia,2015,59,5.822,
BOL,Bolivia,2016,58,5.823,
BOL,Bolivia,2017,62,5.752,
BOL,Bolivia,2018,61,5.779,
BOL,Bolivia,2019,65,5.74749994277954,
BOL,Bolivia,2020,70,5.716,
BOL,Bolivia,2021,71,5.6,
BOL,Bolivia,2022,69,5.684,
BOL,Bolivia,2023,73,5.784,
BOL,Bolivia,2024,74,5.868,
BIH,Bosnia and Herzegovina,2011,99,4.857,0.23014922136589086
BIH,Bosnia and Herzegovina,2012,107,4.813,0.2305154641698164
BIH,Bosnia and Herzegovina,2014,96,4.949,0.2226253696879578
BIH,Bosnia and Herzegovina,2015,87,5.163,0.22260346798783226
BIH,Bosnia and Herzegovina,2016,90,5.182,0.2233724755946387
BIH,Bosnia and Herzegovina,2017,93,5.129,0.22485549642549446
BIH,Bosnia and Herzegovina,2018,78,5.386,0.22651675495963702
BIH,Bosnia and Herzegovina,2019,69,5.67409992218018,0.2239508738200363
BIH,Bosnia and Herzegovina,2020,65,5.813,0.21202813768572623
BIH,Bosnia and Herzegovina,2021,67,5.768,0.2167673340963086
BIH,Bosnia and Herzegovina,2022,71,5.633,0.2169938993379806
BIH,Bosnia and Herzegovina,2023,65,5.877,0.21998441893621803
BIH,Bosnia and Herzegovina,2024,56,6.136,
BWA,Botswana,2011,117,4.581,0.16103399378810607
BWA,Botswana,2012,145,3.97,0.1474511130570064
BWA,Botswana,2014,128,4.332,0.15958110482334853
BWA,Botswana,2015,137,3.974,0.14105373753675585
BWA,Botswana,2016,142,3.766,0.14681659560160687
BWA,Botswana,2017,146,3.59,0.13483865314857152
BWA,Botswana,2018,148,3.488,0.13404706387609727
BWA,Botswana,2019,147,3.47889995574951,0.1356307403907729
BWA,Botswana,2020,147,3.467,0.12846832073774278
BWA,Botswana,2021,142,3.471,0.15514201067716224
BWA,Botswana,2022,132,3.435,0.1401716656372584
BWA,Botswana,2023,137,3.383,
BWA,Botswana,2024,142,3.438,
BRA,Brazil,2011,25,6.697,0.24968758440191008
BRA,Brazil,2012,24,6.849,0.24117248315596207
BRA,Brazil,2014,16,6.983,0.23408639073548443
BRA,Brazil,2015,17,6.952,0.2361601779716324
BRA,Brazil,2016,22,6.635,0.23758957699925368
BRA,Brazil,2017,28,6.419,0.23803750645928717
BRA,Brazil,2018,32,6.3,0.242760140037158
BRA,Brazil,2019,32,6.37559986114502,0.23582131985479754
BRA,Brazil,2020,36,6.33,0.2243248886899004
BRA,Brazil,2021,38,6.293,0.2438769828526892
BRA,Brazil,2022,49,6.125,0.24809490404255058
BRA,Brazil,2023,44,6.272,
BRA,Brazil,2024,36,6.494,
BGR,Bulgaria,2011,147,3.889,0.18642372359046422
BGR,Bulgaria,2012,144,3.981,0.19162498941229142
BGR,Bulgaria,2014,134,4.218,0.20420667157864714
BGR,Bulgaria,2015,129,4.217,0.20923229616728628
BGR,Bulgaria,2016,105,4.714,0.21251751984813683
BGR,Bulgaria,2017,100,4.933,0.21424452927943283
BGR,Bulgaria,2018,97,5.011,0.20812878015939446
BGR,Bulgaria,2019,96,5.10150003433228,0.21348220903757625
BGR,Bulgaria,2020,89,5.266,0.21166271619692595
BGR,Bulgaria,2021,85,5.371,0.21617205477086465
BGR,Bulgaria,2022,77,5.466,0.22611390330673561
BGR,Bulgaria,2023,81,5.463,0.2139949168131575
BGR,Bulgaria,2024,85,5.554,
BFA,Burkina Faso,2011,144,3.926,0.11957393546224782
BFA,Burkina Faso,2012,131,4.259,0.1347517879791789
BFA,Burkina Faso,2014,152,3.587,0.12739030884893615
BFA,Burkina Faso,2015,145,3.739,0.12847362147301242
BFA,Burkina Faso,2016,134,4.032,0.13513311782920376
BFA,Burkina Faso,2017,121,4.424,0.14418745711070075
BFA,Burkina Faso,2018,115,4.587,0.14943473818854355
BFA,Burkina Faso,2019,112,4.76870012283325,0.15386292307841368
BFA,Burkina Faso,2020,114,4.834,0.1436473415133626
BFA,Burkina Faso,2021,113,4.67,0.13736638714323812
BFA,Burkina Faso,2022,104,4.638,0.1672888537944945
BFA,Burkina Faso,2023,110,4.548,
BFA,Burkina Faso,2024,120,4.383,
,Burundi,2011,152,3.678,
,Burundi,2012,153,3.706,
,Burundi,2014,157,2.906,
,Burundi,2015,157,2.905,
,Burundi,2016,154,2.905,
,Burundi,2017,156,2.905,
,Burundi,2018,145,3.775,
,Burundi,2019,140,3.77530002593994,
,Burundi,2020,141,3.775,
KHM,Cambodia,2011,138,4.101,0.08128370030821107
KHM,Cambodia,2012,140,4.067,0.08935324510497845
KHM,Cambodia,2014,145,3.819,0.10446958224336679
KHM,Cambodia,2015,140,3.907,
KHM,Cambodia,2016,129,4.168,0.11782931354359925
KHM,Cambodia,2017,120,4.433,0.12679562657695542
KHM,Cambodia,2018,109,4.7,0.13820551005212212
KHM,Cambodia,2019,106,4.8484001159668,0.1598791946308725
KHM,Cambodia,2020,115,4.83,0.14654035087719297
KHM,Cambodia,2021,114,4.64,0.14046419098143237
KHM,Cambodia,2022,115,4.393,0.14739372333942719
KHM,Cambodia,2023,119,4.341,
KHM,Cambodia,2024,124,4.341,
CMR,Cameroon,2011,126,4.376,0.11482269310208805
CMR,Cameroon,2012,122,4.42,0.12026610501343933
CMR,Cameroon,2014,133,4.252,0.12981863143205688
CMR,Cameroon,2015,114,4.513,0.1326957469613482
CMR,Cameroon,2016,107,4.695,0.12690270601199707
CMR,Cameroon,2017,99,4.975,0.12983160523194057
CMR,Cameroon,2018,96,5.044,0.13150659750166294
CMR,Cameroon,2019,98,5.08489990234375,0.12847482896627907
CMR,Cameroon,2020,92,5.142,0.11795670017674005
CMR,Cameroon,2021,102,5.048,0.12414308593867686
CMR,Cameroon,2022,96,4.973,0.13100651698681265
CMR,Cameroon,2023,104,4.874,
CMR,Cameroon,2024,104,4.887,
CAN,Canada,2011,5,7.499,0.2626458128882683
CAN,Canada,2012,6,7.477,0.2647815565994108
CAN,Canada,2014,5,7.427,0.26586215184936773
CAN,Canada,2015,6,7.404,0.2797863011262328
CAN,Canada,2016,7,7.316,0.2837047372669443
CAN,Canada,2017,7,7.328,0.28419787577646133
CAN,Canada,2018,9,7.278,0.28832480682567907
CAN,Canada,2019,11,7.23210000991821,0.2839735723643575
CAN,Canada,2020,15,7.103,0.29627133558835356
CAN,Canada,2021,15,7.025,0.2999477727151196
CAN,Canada,2022,13,6.961,0.2908345001171227
CAN,Canada,2023,15,6.9,0.2959123477770786
CAN,Canada,2024,18,6.803,
,Central African Republic,2011,154,3.568,
,Central African Republic,2012,154,3.623,
,Central African Republic,2014,148,3.678,
,Central African Republic,2016,155,2.693,
,Central African Republic,2017,155,3.083,
,Central African Republic,2018,155,3.083,
,Central African Republic,2019,149,3.47589993476868,
TCD,Chad,2011,145,3.919,0.13408720332199398
TCD,Chad,2012,141,4.056,0.11220952970971905
TCD,Chad,2014,149,3.667,0.08187440756659668
TCD,Chad,2015,144,3.763,0.04362938389371616
TCD,Chad,2016,137,3.936,0.0358059661515839
TCD,Chad,2017,131,4.301,0.046696231563042215
TCD,Chad,2018,132,4.35,0.056708812200117274
TCD,Chad,2019,127,4.42269992828369,0.05942609299111744
TCD,Chad,2020,129,4.355,0.10736892339161487
TCD,Chad,2021,130,4.251,0.07386683997326114
TCD,Chad,2022,114,4.397,0.10752530086412569
TCD,Chad,2023,113,4.471,
TCD,Chad,2024,119,4.384,
CHL,Chile,2011,43,6.128,0.1986718683127572
CHL,Chile,2012,28,6.587,0.19932541538461537
CHL,Chile,2014,27,6.67,0.18266981081081082
CHL,Chile,2015,24,6.705,0.19092718789407315
CHL,Chile,2016,20,6.652,0.18772843601895733
CHL,Chile,2017,25,6.476,0.18758773006134968
CHL,Chile,2018,26,6.444,0.19814430834213306
CHL,Chile,2019,39,6.22849988937378,0.19452992327365728
CHL,Chile,2020,44,6.172,0.17740862394436166
CHL,Chile,2021,44,6.172,0.21138667779632722
CHL,Chile,2022,35,6.334,0.2286429719484458
CHL,Chile,2023,38,6.36,0.19448171692089394
CHL,Chile,2024,45,6.361,
,China,2011,112,4.68,
,China,2012,93,4.978,
,China,2014,84,5.14,
,China,2015,83,5.245,
,China,2016,79,5.273,
,China,2017,86,5.246,
,China,2018,93,5.191,
,China,2019,94,5.12389993667603,
,China,2020,85,5.339,
,China,2021,72,5.585,
,China,2022,64,5.818,
,China,2023,60,5.973,
,China,2024,68,5.921,
COL,Colombia,2011,41,6.202,
COL,Colombia,2012,35,6.416,
COL,Colombia,2014,33,6.477,
COL,Colombia,2015,31,6.481,
COL,Colombia,2016,36,6.357,
COL,Colombia,2017,37,6.26,
COL,Colombia,2018,43,6.125,
COL,Colombia,2019,44,6.16340017318726,
COL,Colombia,2020,53,6.012,
COL,Colombia,2021,66,5.781,
COL,Colombia,2022,72,5.63,
COL,Colombia,2023,78,5.695,
COL,Colombia,2024,61,6.004,
,Comoros,2011,151,3.7,
,Comoros,2012,149,3.851,
,Comoros,2014,140,3.956,
,Comoros,2015,138,3.956,
,Comoros,2018,142,3.973,
,Comoros,2019,134,4.28859996795654,
,Comoros,2020,132,4.289,
,Comoros,2021,116,4.609,
,Comoros,2022,130,3.545,
,Comoros,2023,132,3.566,
,Comoros,2024,139,3.754,
,Congo,2011,148,3.82,
,Congo,2012,129,4.297,
,Congo,2014,139,3.989,
,Congo,2015,127,4.236,
,Congo,2016,124,4.291,
,Congo,2017,114,4.559,
,Congo,2018,103,4.812,
,Congo,2019,88,5.1943998336792,
,Congo,2020,84,5.342,
,Congo,2021,99,5.075,
,Congo,2022,86,5.267,
,Congo,2023,89,5.221,
,Congo,2024,100,5.03,
CRI,Costa Rica,2011,12,7.251,0.15102616247813436
CRI,Costa Rica,2012,12,7.257,0.150428691371977
CRI,Costa Rica,2014,12,7.226,0.1505931075840403
CRI,Costa Rica,2015,14,7.087,0.15307087361596058
CRI,Costa Rica,2016,12,7.079,0.15563239886040456
CRI,Costa Rica,2017,13,7.072,0.15294988464824705
CRI,Costa Rica,2018,12,7.167,0.1521745595182903
CRI,Costa Rica,2019,15,7.12139987945557,0.1540804315905916
CRI,Costa Rica,2020,17,7.069,0.14423629313253566
CRI,Costa Rica,2021,23,6.582,0.15903966277763976
CRI,Costa Rica,2022,23,6.609,0.164255074940698
CRI,Costa Rica,2023,12,6.955,0.16022783990368572
CRI,Costa Rica,2024,6,7.274,
HRV,Croatia,2011,58,5.623,0.23066409420530906
HRV,Croatia,2012,58,5.661,0.23944144567528255
HRV,Croatia,2014,62,5.759,0.2547727333631085
HRV,Croatia,2015,74,5.488,0.2602732077605707
HRV,Croatia,2016,77,5.293,0.2651798224442252
HRV,Croatia,2017,82,5.321,0.2643286866174583
HRV,Croatia,2018,75,5.432,0.26947651775486825
HRV,Croatia,2019,79,5.50470018386841,0.2709673555064963
HRV,Croatia,2020,61,5.882,0.25987374698393395
HRV,Croatia,2021,47,6.125,0.25455038232795246
HRV,Croatia,2022,48,6.125,0.261143268738574
HRV,Croatia,2023,63,5.942,0.270589483732608
HRV,Croatia,2024,72,5.87,
CUB,Cuba,2011,69,5.418,0.3351862588780983
CYP,Cyprus,2011,35,6.416,0.23601067579816698
CYP,Cyprus,2012,34,6.466,0.2374557578866376
CYP,Cyprus,2014,67,5.689,0.2520848824572442
CYP,Cyprus,2015,69,5.546,0.24535777975925105
CYP,Cyprus,2016,65,5.621,0.23811402124750183
CYP,Cyprus,2017,61,5.762,0.24177825915714848
CYP,Cyprus,2018,49,6.046,0.24330560553633215
CYP,Cyprus,2019,45,6.15899991989136,0.23691000086288724
CYP,Cyprus,2020,40,6.223,0.225745461130982
CYP,Cyprus,2021,41,6.221,0.23581113607188703
CYP,Cyprus,2022,46,6.13,0.2505001980055442
CYP,Cyprus,2023,50,6.068,0.25856815513134496
CYP,Cyprus,2024,67,5.942,
CZE,Czechia,2011,36,6.36,0.18376406013642285
CZE,Czechia,2012,39,6.29,0.1870708270181571
CZE,Czechia,2014,31,6.505,0.18322022589813455
CZE,Czechia,2015,27,6.596,0.1876304464517383
CZE,Czechia,2016,23,6.609,0.19261539263642802
CZE,Czechia,2017,21,6.711,0.1936276823860319
CZE,Czechia,2018,20,6.852,0.19407200590674595
CZE,Czechia,2019,19,6.9109001159668,0.1910303574421506
CZE,Czechia,2020,19,6.965,0.1857570228666315
CZE,Czechia,2021,18,6.92,0.17724560877840057
CZE,Czechia,2022,18,6.845,0.17949831216793724
CZE,Czechia,2023,18,6.822,0.18477526321585572
CZE,Czechia,2024,20,6.775,
,Côte d’Ivoire,2011,133,4.197,
,Côte d’Ivoire,2014,151,3.655,
,Côte d’Ivoire,2015,139,3.916,
,Côte d’Ivoire,2016,128,4.18,
,Côte d’Ivoire,2017,107,4.671,
,Côte d’Ivoire,2018,99,4.944,
,Côte d’Ivoire,2019,85,5.23330020904541,
,Côte d’Ivoire,2020,86,5.306,
,Côte d’Ivoire,2021,88,5.235,
,Côte d’Ivoire,2022,93,5.053,
,Côte d’Ivoire,2023,96,5.08,
,Côte d’Ivoire,2024,98,5.102,
,DR Congo,2011,141,3.984,
,DR Congo,2012,117,4.578,
,DR Congo,2014,120,4.517,
,DR Congo,2015,125,4.272,
,DR Congo,2016,126,4.28,
,DR Congo,2017,132,4.245,
,DR Congo,2018,127,4.418,
,DR Congo,2019,131,4.31099987030029,
,DR Congo,2022,133,3.207,
,DR Congo,2023,139,3.295,
,DR Congo,2024,141,3.469,
DNK,Denmark,2011,1,7.856,0.44730690353210006
DNK,Denmark,2012,1,7.693,0.45503038794720163
DNK,Denmark,2014,3,7.527,0.4867896268271572
DNK,Denmark,2015,1,7.526,0.4639476240342113
DNK,Denmark,2016,2,7.522,0.45718383851505645
DNK,Denmark,2017,3,7.555,0.4538359710429674
DNK,Denmark,2018,2,7.6,0.4436810743904059
DNK,Denmark,2019,2,7.64559984207153,0.47072677900207366
DNK,Denmark,2020,3,7.62,0.47144049875568966
DNK,Denmark,2021,2,7.636,0.4715170781465858
DNK,Denmark,2022,2,7.586,0.418517300652409
DNK,Denmark,2023,2,7.583,0.4331162427359655
DNK,Denmark,2024,2,7.521,
,Djibouti,2011,95,4.957,
,Djibouti,2012,114,4.69,
,Djibouti,2014,126,4.369,
DOM,Dominican Republic,2011,93,5.036,0.12236677081947721
DOM,Dominican Republic,2012,95,4.963,0.129793594741192
DOM,Dominican Republic,2014,98,4.885,0.13369917608475337
DOM,Dominican Republic,2015,89,5.155,0.1286514670948683
DOM,Dominican Republic,2016,86,5.23,0.12944478890933456
DOM,Dominican Republic,2017,83,5.302,0.1305405189162522
DOM,Dominican Republic,2018,77,5.425,0.13063342172179496
DOM,Dominican Republic,2019,68,5.68919992446899,0.13349156170166596
DOM,Dominican Republic,2020,74,5.545,0.1242553695516617
DOM,Dominican Republic,2021,69,5.737,0.14422481657658834
DOM,Dominican Republic,2022,73,5.569,0.13856587042317592
DOM,Dominican Republic,2023,69,5.823,
DOM,Dominican Republic,2024,76,5.846,
ECU,Ecuador,2011,66,5.425,0.12362793877473509
ECU,Ecuador,2012,49,5.865,0.13968199692255087
ECU,Ecuador,2014,48,5.975,0.140773768959676
ECU,Ecuador,2015,51,5.976,0.16035387305832732
ECU,Ecuador,2016,44,6.008,0.14351240388651698
ECU,Ecuador,2017,48,5.973,0.13476025922061513
ECU,Ecuador,2018,50,6.028,0.14344197471133896
ECU,Ecuador,2019,58,5.92519998550415,0.1346332577419235
ECU,Ecuador,2020,67,5.764,0.12899389766859645
ECU,Ecuador,2021,76,5.533,0.13226602131521384
ECU,Ecuador,2022,74,5.559,0.13535930557699896
ECU,Ecuador,2023,74,5.725,0.12662711935714585
ECU,Ecuador,2024,62,5.965,
EGY,Egypt,2011,101,4.853,
EGY,Egypt,2012,130,4.273,
EGY,Egypt,2014,135,4.194,
EGY,Egypt,2015,120,4.362,
EGY,Egypt,2016,104,4.735,
EGY,Egypt,2017,122,4.419,
EGY,Egypt,2018,137,4.166,0.13488491706313488
EGY,Egypt,2019,138,4.15140008926392,0.13216583273766977
EGY,Egypt,2020,133,4.283,0.13555244937099764
EGY,Egypt,2021,129,4.288,0.14857949002716453
EGY,Egypt,2022,121,4.17,0.1570927637870577
EGY,Egypt,2023,127,3.977,0.1713357294077101
EGY,Egypt,2024,135,3.817,
SLV,El Salvador,2011,48,5.956,0.16296341944389667
SLV,El Salvador,2012,52,5.809,0.17205748766342469
SLV,El Salvador,2014,42,6.13,0.1713374170818395
SLV,El Salvador,2015,46,6.068,0.17094542780740676
SLV,El Salvador,2016,45,6.003,0.1771070095295771
SLV,El Salvador,2017,40,6.167,0.1807858901100925
SLV,El Salvador,2018,35,6.253,0.18429729833595943
SLV,El Salvador,2019,34,6.34829998016357,0.1838064060116811
SLV,El Salvador,2020,50,6.061,0.18732795634204083
SLV,El Salvador,2021,49,6.12,0.1999173639086871
SLV,El Salvador,2022,50,6.122,0.2144737253430867
SLV,El Salvador,2023,33,6.469,0.20931440477951552
SLV,El Salvador,2024,37,6.492,
EST,Estonia,2011,72,5.33,0.1981591108579844
EST,Estonia,2012,72,5.426,0.20342179681884778
EST,Estonia,2014,73,5.429,0.20912223305693312
EST,Estonia,2015,72,5.517,0.21770000126421873
EST,Estonia,2016,66,5.611,0.2183661791174681
EST,Estonia,2017,63,5.739,0.2099098924704927
EST,Estonia,2018,55,5.893,0.21005553529720478
EST,Estonia,2019,51,6.02180004119873,0.21218042890822564
EST,Estonia,2020,41,6.189,0.20833172062915095
EST,Estonia,2021,36,6.341,0.2189092930246423
EST,Estonia,2022,31,6.455,0.21241230046896012
EST,Estonia,2023,34,6.448,0.21519430171612278
ETH,Estonia,2024,39,6.417,
SWZ,Eswatini,2021,125,4.396,0.15462949018295402
SWZ,Eswatini,2023,135,3.502,
SWZ,Eswatini,2024,137,3.774,
ETH,Ethiopia,2011,139,4.064,0.11450864818794787
ETH,Ethiopia,2012,119,4.561,0.11472904729662825
ETH,Ethiopia,2014,122,4.512,0.12548629604317393
ETH,Ethiopia,2015,115,4.508,0.12733587526897958
ETH,Ethiopia,2016,119,4.46,0.12149758592740117
ETH,Ethiopia,2017,127,4.35,0.11467405359927454
ETH,Ethiopia,2018,134,4.286,0.10691639232569482
ETH,Ethiopia,2019,136,4.18620014190674,0.09977065882350318
ETH,Ethiopia,2020,134,4.275,
ETH,Ethiopia,2021,131,4.241,0.08954810985521447
ETH,Ethiopia,2022,124,4.091,0.07092980993377548
ETH,Ethiopia,2023,130,3.861,0.06823136720235057
ETH,Ethiopia,2024,132,3.898,
FIN,Finland,2011,2,7.579,0.29837342844855935
FIN,Finland,2012,7,7.389,0.2994739941510545
FIN,Finland,2014,6,7.406,0.31097617254863863
FIN,Finland,2015,5,7.413,0.3109728248458552
FIN,Finland,2016,5,7.469,0.31284043445810944
FIN,Finland,2017,1,7.632,0.3114514076170641
FIN,Finland,2018,1,7.769,0.3075009163234945
FIN,Finland,2019,1,7.80870008468628,0.30666029398200556
FIN,Finland,2020,2,7.842,0.3057866972380038
FIN,Finland,2021,1,7.821,0.3140647360550562
FIN,Finland,2022,1,7.804,0.31421818400444906
FIN,Finland,2023,1,7.741,0.30341358115030004
FIN,Finland,2024,1,7.736,
FRA,France,2011,23,6.746,0.27189381084998554
FRA,France,2012,25,6.764,0.2807972515272087
FRA,France,2014,29,6.575,0.28593522270402133
FRA,France,2015,32,6.478,0.28731082510145806
FRA,France,2016,31,6.442,0.28776739959647263
FRA,France,2017,23,6.489,0.2950653908637371
FRA,France,2018,24,6.592,0.30024140652629766
FRA,France,2019,23,6.66379976272583,0.30230486138720924
FRA,France,2020,22,6.69,0.30544437978911915
FRA,France,2021,20,6.687,0.3034076664346187
FRA,France,2022,21,6.661,0.3096405814866491
FRA,France,2023,27,6.609,0.2925358420240535
FRA,France,2024,33,6.593,
,Gabon,2012,138,4.114,
,Gabon,2014,143,3.896,
,Gabon,2015,134,4.121,
,Gabon,2016,118,4.465,
,Gabon,2017,103,4.758,
,Gabon,2018,104,4.799,
,Gabon,2019,108,4.82929992675781,
,Gabon,2020,113,4.852,
,Gabon,2021,106,4.958,
,Gabon,2022,94,5.035,
,Gabon,2023,95,5.106,
,Gabon,2024,97,5.12,
,Gambia,2018,120,4.516,
,Gambia,2019,113,4.75059986114502,
,Gambia,2020,99,5.051,
,Gambia,2021,93,5.164,
,Gambia,2022,119,4.279,
,Gambia,2023,112,4.485,
,Gambia,2024,117,4.423,
GEO,Georgia,2011,146,3.892,0.23505881451396607
GEO,Georgia,2012,134,4.187,0.23912965551851453
GEO,Georgia,2014,130,4.297,0.22828321039026545
GEO,Georgia,2015,126,4.252,0.23187449345837677
GEO,Georgia,2016,125,4.286,0.2403660438267721
GEO,Georgia,2017,128,4.34,0.23968311562651184
GEO,Georgia,2018,119,4.519,0.2302023185083969
GEO,Georgia,2019,117,4.67259979248047,0.2385110405019507
GEO,Georgia,2020,109,4.891,0.2205185884432304
GEO,Georgia,2021,105,4.973,0.22313912127000857
GEO,Georgia,2022,90,5.109,0.23730579192972823
GEO,Georgia,2023,91,5.185,0.24594372305161627
GEO,Georgia,2024,91,5.4,
DEU,Germany,2011,30,6.572,0.2234386657010492
DEU,Germany,2012,26,6.672,0.22923855423192566
DEU,Germany,2014,26,6.75,0.23229162828247638
DEU,Germany,2015,16,6.994,0.23550629527004036
DEU,Germany,2016,16,6.951,0.23843672464339463
DEU,Germany,2017,15,6.965,0.23763880508299035
DEU,Germany,2018,17,6.985,0.24233357523614668
DEU,Germany,2019,17,7.0757999420166,0.24275845290363463
DEU,Germany,2020,14,7.155,0.23287608490210515
DEU,Germany,2021,14,7.034,0.24607720470234953
DEU,Germany,2022,16,6.892,0.24532088976567143
DEU,Germany,2023,24,6.719,0.2305257373582922
DEU,Germany,2024,22,6.753,
GHA,Ghana,2011,108,4.705,0.10778085876083993
GHA,Ghana,2012,86,5.091,0.11061932115214154
GHA,Ghana,2014,114,4.633,0.10813441287007512
GHA,Ghana,2015,124,4.276,0.11698350982966992
GHA,Ghana,2016,131,4.12,0.12250329619583779
GHA,Ghana,2017,108,4.657,0.12545148150861118
GHA,Ghana,2018,98,4.996,0.12952827626406815
GHA,Ghana,2019,91,5.14799976348877,0.12501387013243806
GHA,Ghana,2020,96,5.088,0.12083626744841698
GHA,Ghana,2021,111,4.872,0.1331814868311331
GHA,Ghana,2022,107,4.605,0.13158280596855793
GHA,Ghana,2023,120,4.289,
GHA,Ghana,2024,125,4.34,
GRC,Greece,2011,42,6.133,0.2336897711846066
GRC,Greece,2012,70,5.435,0.2559069120558867
GRC,Greece,2014,102,4.857,0.2620686762635695
GRC,Greece,2015,99,5.033,0.26282965774172334
GRC,Greece,2016,87,5.227,0.2814366110009513
GRC,Greece,2017,79,5.358,0.2797634862043041
GRC,Greece,2018,82,5.287,0.28401407901625103
GRC,Greece,2019,77,5.5149998664856,0.2735087020785723
GRC,Greece,2020,69,5.723,0.26569544771416104
GRC,Greece,2021,58,5.948,0.2713884297520661
GRC,Greece,2022,58,5.931,0.2902284386797019
GRC,Greece,2023,64,5.934,0.2831827074529171
GRC,Greece,2024,81,5.776,
GTM,Guatemala,2011,37,6.277,0.10925943591782862
GTM,Guatemala,2012,47,5.965,0.11031623472217249
GTM,Guatemala,2014,43,6.123,0.11156712330604525
GTM,Guatemala,2015,39,6.324,0.10721913318789218
GTM,Guatemala,2016,29,6.454,0.11041168505055757
GTM,Guatemala,2017,30,6.382,0.11047901102217064
GTM,Guatemala,2018,27,6.436,0.1095519462500544
GTM,Guatemala,2019,29,6.39890003204346,0.1080254124984006
GTM,Guatemala,2020,31,6.435,0.10295784546459642
GTM,Guatemala,2021,39,6.262,0.11930589838546425
GTM,Guatemala,2022,43,6.15,0.12200583163735595
GTM,Guatemala,2023,42,6.287,
GTM,Guatemala,2024,44,6.362,
GIN,Guinea,2011,136,4.171,0.10389224986718612
GIN,Guinea,2012,150,3.847,0.14341708555041457
GIN,Guinea,2014,150,3.656,0.13051751111687984
GIN,Guinea,2015,151,3.607,0.13028279922014485
GIN,Guinea,2016,149,3.507,0.14044863446343847
GIN,Guinea,2017,140,3.964,0.1278061515381483
GIN,Guinea,2018,118,4.534,0.11981891915730336
GIN,Guinea,2019,102,4.94929981231689,0.12210772561133604
GIN,Guinea,2020,103,4.984,0.11701704005934718
GIN,Guinea,2021,109,4.891,0.11095324544883867
GIN,Guinea,2022,91,5.072,0.10766406341749853
GIN,Guinea,2023,97,5.023,
GIN,Guinea,2024,102,4.929,
GUY,Guyana,2011,45,5.993,0.16549858777861554
,Haiti,2011,150,3.789,
,Haiti,2012,126,4.341,
,Haiti,2014,119,4.518,
,Haiti,2015,136,4.028,
,Haiti,2016,145,3.603,
,Haiti,2017,148,3.582,
,Haiti,2018,147,3.597,
,Haiti,2019,142,3.72079992294312,
,Haiti,2020,144,3.615,
HND,Honduras,2011,63,5.564,0.1546398438190241
HND,Honduras,2012,84,5.142,0.15357402400449427
HND,Honduras,2014,105,4.788,0.1717846047119549
HND,Honduras,2015,104,4.871,0.1788637326367711
HND,Honduras,2016,91,5.181,0.19403051286290987
HND,Honduras,2017,72,5.504,0.1864656617648412
HND,Honduras,2018,59,5.86,0.18852047246147563
HND,Honduras,2019,56,5.95319986343384,0.18472124061414139
HND,Honduras,2020,60,5.919,0.15410893279585813
HND,Honduras,2021,55,6.022,0.17911841391824337
HND,Honduras,2022,53,6.023,0.18303172279445973
HND,Honduras,2023,61,5.968,
HND,Honduras,2024,63,5.964,
,Hong Kong SAR of China,2011,67,5.424,
,Hong Kong SAR of China,2012,64,5.523,
,Hong Kong SAR of China,2014,72,5.474,
,Hong Kong SAR of China,2015,75,5.458,
,Hong Kong SAR of China,2016,71,5.472,
,Hong Kong SAR of China,2017,76,5.43,
,Hong Kong SAR of China,2018,76,5.43,
,Hong Kong SAR of China,2019,78,5.51039981842041,
,Hong Kong SAR of China,2020,78,5.477,
,Hong Kong SAR of China,2021,81,5.425,
,Hong Kong SAR of China,2022,82,5.308,
,Hong Kong SAR of China,2023,86,5.316,
,Hong Kong SAR of China,2024,88,5.491,
HUN,Hungary,2011,96,4.943,0.2373394091190468
HUN,Hungary,2012,110,4.775,0.25695064367995024
HUN,Hungary,2014,104,4.8,0.25678433890599905
HUN,Hungary,2015,91,5.145,0.2598627956306172
HUN,Hungary,2016,75,5.324,0.25868902151885514
HUN,Hungary,2017,69,5.62,0.2553961059517186
HUN,Hungary,2018,62,5.758,0.2515057260621974
HUN,Hungary,2019,53,6.00040006637573,0.24674193185507284
HUN,Hungary,2020,54,5.992,0.2489611095787726
HUN,Hungary,2021,51,6.086,0.2330399666682227
HUN,Hungary,2022,51,6.041,0.25320720091322524
HUN,Hungary,2023,56,6.017,0.2460883684396125
HUN,Hungary,2024,69,5.915,
ISL,Iceland,2011,20,6.888,0.29411535578572123
ISL,Iceland,2012,9,7.355,0.3043458673795945
ISL,Iceland,2014,2,7.561,0.33591065899461264
ISL,Iceland,2015,3,7.501,0.31689443658778077
ISL,Iceland,2016,3,7.504,0.4688725589716153
ISL,Iceland,2017,4,7.495,0.33736937723106225
ISL,Iceland,2018,4,7.494,0.33002752055515083
ISL,Iceland,2019,4,7.50449991226196,0.3187450431248141
ISL,Iceland,2020,5,7.554,0.3320823444284141
ISL,Iceland,2021,3,7.557,0.31790103152164767
ISL,Iceland,2022,3,7.53,0.3211303933936789
ISL,Iceland,2023,3,7.525,0.32613274948224735
ISL,Iceland,2024,3,7.515,
IND,India,2011,94,4.975,0.17402170018760738
IND,India,2012,111,4.772,
IND,India,2014,117,4.565,0.1632991676022454
IND,India,2015,118,4.404,0.1681424836601307
IND,India,2016,122,4.315,0.17349935022742038
IND,India,2017,133,4.19,
IND,India,2018,140,4.015,
IND,India,2019,144,3.57329988479614,0.16978771144278607
IND,India,2020,140,3.819,0.1615992846347607
IND,India,2021,136,3.777,
IND,India,2022,126,4.036,
IND,India,2023,126,4.054,
IND,India,2024,118,4.389,
IDN,Indonesia,2011,83,5.159,0.12170697139938713
IDN,Indonesia,2012,76,5.348,0.12483751160631383
IDN,Indonesia,2014,74,5.399,0.1214874468899631
IDN,Indonesia,2015,79,5.314,0.12032337064187078
IDN,Indonesia,2016,81,5.262,0.11604294603544274
IDN,Indonesia,2017,96,5.093,0.11202352482626343
IDN,Indonesia,2018,92,5.192,0.11557439621735983
IDN,Indonesia,2019,84,5.28560018539429,0.11072893205702211
IDN,Indonesia,2020,83,5.345,0.09608194967293199
IDN,Indonesia,2021,87,5.24,0.10722821482320731
IDN,Indonesia,2022,84,5.277,0.11602858601327208
IDN,Indonesia,2023,80,5.568,0.11723458007361034
IDN,Indonesia,2024,83,5.617,
IRN,Iran,2011,84,5.149,
IRN,Iran,2012,115,4.643,
IRN,Iran,2014,110,4.686,
IRN,Iran,2015,105,4.813,
IRN,Iran,2016,108,4.692,
IRN,Iran,2017,106,4.707,
IRN,Iran,2018,117,4.548,
IRN,Iran,2019,118,4.67239999771118,
IRN,Iran,2020,119,4.721,
IRN,Iran,2021,110,4.888,
IRN,Iran,2022,101,4.876,
IRN,Iran,2023,100,4.923,
IRN,Iran,2024,99,5.093,
IRQ,Iraq,2011,98,4.882,
IRQ,Iraq,2012,105,4.817,
IRQ,Iraq,2014,112,4.677,
IRQ,Iraq,2015,112,4.575,
IRQ,Iraq,2016,117,4.497,
IRQ,Iraq,2017,117,4.456,
IRQ,Iraq,2018,126,4.437,
IRQ,Iraq,2019,110,4.78480005264282,
IRQ,Iraq,2020,112,4.854,
IRQ,Iraq,2021,107,4.941,
IRQ,Iraq,2022,98,4.941,
IRQ,Iraq,2023,92,5.166,
IRQ,Iraq,2024,101,4.976,
IRL,Ireland,2011,10,7.284,0.2245809196201984
IRL,Ireland,2012,18,7.076,0.23180751961626736
IRL,Ireland,2014,18,6.94,0.23208399105662314
IRL,Ireland,2015,19,6.907,0.18675753100875456
IRL,Ireland,2016,15,6.977,0.1923277344400556
IRL,Ireland,2017,14,6.977,0.18142282893713294
IRL,Ireland,2018,16,7.021,0.1814413965212951
IRL,Ireland,2019,16,7.09369993209839,0.17839101275177013
IRL,Ireland,2020,16,7.085,0.1616066090668383
IRL,Ireland,2021,13,7.041,0.16970940895491488
IRL,Ireland,2022,14,6.911,0.17189892028483345
IRL,Ireland,2023,17,6.838,0.18490436661195564
IRL,Ireland,2024,15,6.889,
ISR,Israel,2011,14,7.199,0.2522630789771057
ISR,Israel,2012,11,7.301,0.24520499879966626
ISR,Israel,2014,11,7.278,0.25661942248077835
ISR,Israel,2015,11,7.267,0.25984957445167045
ISR,Israel,2016,11,7.213,0.2586621924638478
ISR,Israel,2017,11,7.19,0.27015799415326597
ISR,Israel,2018,13,7.139,0.2553334727197371
ISR,Israel,2019,14,7.12860012054443,0.2491819299604524
ISR,Israel,2020,13,7.157,0.24446118906290754
ISR,Israel,2021,9,7.364,0.2730251053775713
ISR,Israel,2022,4,7.473,0.27772054684296293
ISR,Israel,2023,5,7.341,0.24825774486038465
ISR,Israel,2024,8,7.234,
ITA,Italy,2011,28,6.578,0.2865174068791248
ITA,Italy,2012,45,6.021,0.3047382293699733
ITA,Italy,2014,50,5.948,0.3028240383868899
ITA,Italy,2015,50,5.977,0.29865013626697623
ITA,Italy,2016,48,5.964,0.2935503057149695
ITA,Italy,2017,47,6.0,0.2907527196998098
ITA,Italy,2018,36,6.223,0.28664152431396195
ITA,Italy,2019,30,6.38740015029907,0.2894514172699794
ITA,Italy,2020,29,6.483,0.289004248173067
ITA,Italy,2021,31,6.467,0.28923544701027076
ITA,Italy,2022,33,6.405,0.2926279884630118
ITA,Italy,2023,41,6.324,0.29575287828947366
ITA,Italy,2024,40,6.415,
JAM,Jamaica,2011,40,6.208,0.23568984176712718
JAM,Jamaica,2012,75,5.374,0.23656872443641205
JAM,Jamaica,2014,65,5.709,0.23732615232605422
JAM,Jamaica,2015,73,5.51,0.24775313961692547
JAM,Jamaica,2016,76,5.311,0.25518331464103694
JAM,Jamaica,2017,56,5.89,0.2627098422184404
JAM,Jamaica,2018,56,5.89,0.26685191547568604
JAM,Jamaica,2019,60,5.88980007171631,0.2738881369368277
JAM,Jamaica,2020,38,6.309,0.2639319569653795
JAM,Jamaica,2021,63,5.85,0.26458769470355653
JAM,Jamaica,2022,68,5.703,0.27677177304531964
JAM,Jamaica,2023,67,5.842,
JAM,Jamaica,2024,73,5.87,
JPN,Japan,2011,44,6.059,0.15952311394250102
JPN,Japan,2012,43,6.064,0.162856737012987
JPN,Japan,2014,46,5.987,0.1824105809078643
JPN,Japan,2015,53,5.921,0.18414106064126395
JPN,Japan,2016,51,5.92,0.18065503593405585
JPN,Japan,2017,54,5.915,0.18656608931477128
JPN,Japan,2018,58,5.886,0.1886011785842616
JPN,Japan,2019,62,5.87080001831055,0.185313310629145
JPN,Japan,2020,57,5.94,0.1959948109710897
JPN,Japan,2021,54,6.039,0.2065980766449747
JPN,Japan,2022,47,6.129,0.21429305802776788
JPN,Japan,2023,51,6.06,
JPN,Japan,2024,55,6.147,
JOR,Jordan,2011,54,5.706,0.1540597271252743
JOR,Jordan,2012,74,5.414,0.15706780642001691
JOR,Jordan,2014,82,5.192,
JOR,Jordan,2015,80,5.303,
JOR,Jordan,2016,74,5.336,
JOR,Jordan,2017,90,5.161,
JOR,Jordan,2018,101,4.906,0.16071509758711394
JOR,Jordan,2019,119,4.63339996337891,
JOR,Jordan,2020,128,4.395,
JOR,Jordan,2021,134,4.152,
JOR,Jordan,2022,123,4.12,
JOR,Jordan,2023,125,4.186,
JOR,Jordan,2024,128,4.31,
KAZ,Kazakhstan,2011,59,5.594,0.24926486339117057
KAZ,Kazakhstan,2012,57,5.671,
KAZ,Kazakhstan,2014,54,5.855,
KAZ,Kazakhstan,2015,54,5.919,
KAZ,Kazakhstan,2016,60,5.819,
KAZ,Kazakhstan,2017,60,5.79,
KAZ,Kazakhstan,2018,60,5.809,
KAZ,Kazakhstan,2019,50,6.05789995193481,
KAZ,Kazakhstan,2020,46,6.152,
KAZ,Kazakhstan,2021,40,6.234,
KAZ,Kazakhstan,2022,44,6.144,0.1946724470134875
KAZ,Kazakhstan,2023,49,6.188,
KAZ,Kazakhstan,2024,43,6.378,
KEN,Kenya,2011,134,4.18,0.15248064330834682
KEN,Kenya,2012,123,4.403,0.1483411824699283
KEN,Kenya,2014,125,4.419,0.16210826080330323
KEN,Kenya,2015,122,4.356,0.15699445929058758
KEN,Kenya,2016,112,4.553,0.159329263619585
KEN,Kenya,2017,124,4.41,0.16186988972340793
KEN,Kenya,2018,121,4.509,0.1548942797062238
KEN,Kenya,2019,121,4.58300018310547,0.15230499095014227
KEN,Kenya,2020,122,4.607,0.1507605779642114
KEN,Kenya,2021,119,4.543,0.14071609469903626
KEN,Kenya,2022,111,4.487,0.15218090431586598
KEN,Kenya,2023,114,4.47,
KEN,Kenya,2024,115,4.51,
,Kosovo,2011,68,5.42,
,Kosovo,2012,83,5.222,
,Kosovo,2014,69,5.589,
,Kosovo,2015,77,5.401,
,Kosovo,2016,78,5.279,
,Kosovo,2017,66,5.662,
,Kosovo,2018,46,6.1,
,Kosovo,2019,35,6.32520008087158,
,Kosovo,2020,34,6.372,
,Kosovo,2021,32,6.455,
,Kosovo,2022,34,6.368,
,Kosovo,2023,29,6.561,
,Kosovo,2024,29,6.659,
,Kuwait,2011,29,6.574,
,Kuwait,2012,32,6.515,
,Kuwait,2014,39,6.295,
,Kuwait,2015,41,6.239,
,Kuwait,2016,39,6.105,
,Kuwait,2017,45,6.083,
,Kuwait,2018,51,6.021,
,Kuwait,2019,48,6.10209989547729,
,Kuwait,2020,48,6.106,
,Kuwait,2021,50,6.106,
,Kuwait,2023,13,6.951,
,Kuwait,2024,30,6.629,
KGZ,Kyrgyzstan,2011,102,4.828,0.17095063096832397
KGZ,Kyrgyzstan,2012,89,5.042,0.1897858415117676
KGZ,Kyrgyzstan,2014,77,5.286,0.19728271449035922
KGZ,Kyrgyzstan,2015,85,5.185,0.1966486948563146
KGZ,Kyrgyzstan,2016,98,5.004,0.19509752671986497
KGZ,Kyrgyzstan,2017,92,5.131,0.19262134384967464
KGZ,Kyrgyzstan,2018,86,5.261,0.20231793546030286
KGZ,Kyrgyzstan,2019,74,5.54150009155273,0.18576332347117422
KGZ,Kyrgyzstan,2020,68,5.744,0.16367172172727684
KGZ,Kyrgyzstan,2021,64,5.828,0.18637702560119768
KGZ,Kyrgyzstan,2022,62,5.825,0.22050659077438536
KGZ,Kyrgyzstan,2023,75,5.714,0.23245929893343553
KGZ,Kyrgyzstan,2024,75,5.858,
,Lao PDR,2011,82,5.161,
,Lao PDR,2012,109,4.787,
,Lao PDR,2014,99,4.876,
,Lao PDR,2015,102,4.876,
,Lao PDR,2017,110,4.623,
,Lao PDR,2018,105,4.796,
,Lao PDR,2019,104,4.88859987258911,
,Lao PDR,2020,101,5.03,
,Lao PDR,2021,95,5.14,
,Lao PDR,2022,89,5.111,
,Lao PDR,2023,94,5.139,
,Lao PDR,2024,93,5.301,
LVA,Latvia,2011,106,4.762,0.2021156037729584
LVA,Latvia,2012,88,5.046,0.20433038030525907
LVA,Latvia,2014,89,5.098,0.2132455826935897
LVA,Latvia,2015,68,5.56,0.21529252680896957
LVA,Latvia,2016,54,5.85,0.2258367082495763
LVA,Latvia,2017,53,5.933,0.22718674868672176
LVA,Latvia,2018,53,5.94,0.21932780115400116
LVA,Latvia,2019,57,5.94999980926514,0.21490060674451314
LVA,Latvia,2020,52,6.032,0.2122004568297685
LVA,Latvia,2021,42,6.18,0.21176649025739153
LVA,Latvia,2022,41,6.213,0.21357853856223624
LVA,Latvia,2023,46,6.234,0.21721903230953207
LVA,Latvia,2024,51,6.207,
,Lebanon,2011,92,5.049,
,Lebanon,2012,97,4.931,
,Lebanon,2014,103,4.839,
,Lebanon,2015,93,5.129,
,Lebanon,2016,88,5.225,
,Lebanon,2017,88,5.199,
,Lebanon,2018,91,5.197,
,Lebanon,2019,111,4.77150011062622,
,Lebanon,2020,124,4.584,
,Lebanon,2021,145,2.955,
,Lebanon,2022,136,2.392,
,Lebanon,2023,142,2.707,
,Lebanon,2024,145,3.188,
LSO,Lesotho,2012,98,4.898,0.1687776390006557
LSO,Lesotho,2014,97,4.898,0.18916276020278963
LSO,Lesotho,2016,139,3.808,0.1933184749501169
LSO,Lesotho,2017,141,3.808,0.19344379521421148
LSO,Lesotho,2018,144,3.802,0.21433642970105418
LSO,Lesotho,2019,143,3.6528000831604,0.2109660890768265
LSO,Lesotho,2020,146,3.512,0.19775309337487953
LSO,Lesotho,2021,141,3.512,0.21716506065911234
LSO,Lesotho,2023,141,3.186,
LSO,Lesotho,2024,138,3.757,
,Liberia,2011,140,4.04,
,Liberia,2012,133,4.196,
,Liberia,2014,116,4.571,
,Liberia,2015,150,3.622,
,Liberia,2016,148,3.533,
,Liberia,2017,149,3.495,
,Liberia,2018,141,3.975,
,Liberia,2019,124,4.55789995193481,
,Liberia,2020,121,4.625,
,Liberia,2021,97,5.122,
,Liberia,2022,125,4.042,
,Liberia,2023,121,4.269,
,Liberia,2024,129,4.277,
LBY,Libya,2011,81,5.178,0.011854087879661506
LBY,Libya,2012,78,5.34,0.01027793242259432
LBY,Libya,2014,63,5.754,
LBY,Libya,2015,67,5.615,
LBY,Libya,2016,68,5.525,
LBY,Libya,2017,70,5.566,
LBY,Libya,2018,72,5.525,
LBY,Libya,2019,80,5.48880004882813,
LBY,Libya,2020,81,5.41,
LBY,Libya,2021,86,5.33,
LBY,Libya,2023,66,5.866,
LBY,Libya,2024,79,5.82,
LTU,Lithuania,2011,60,5.588,0.1612149876500351
LTU,Lithuania,2012,71,5.426,0.16179945157238243
LTU,Lithuania,2014,56,5.833,0.1641151342311687
LTU,Lithuania,2015,60,5.813,0.17376710619040925
LTU,Lithuania,2016,52,5.902,0.1756240277291447
LTU,Lithuania,2017,50,5.952,0.17434813459085904
LTU,Lithuania,2018,42,6.149,0.1759228661521498
LTU,Lithuania,2019,41,6.21549987792969,0.20596355974598768
LTU,Lithuania,2020,39,6.255,0.21062955740924688
LTU,Lithuania,2021,34,6.446,0.2176071681236282
LTU,Lithuania,2022,20,6.763,0.2171668223039942
LTU,Lithuania,2023,19,6.818,0.22193416743230007
LTU,Lithuania,2024,16,6.829,
LUX,Luxembourg,2011,16,7.051,0.25606176886153914
LUX,Luxembourg,2012,19,7.054,0.25817287057908483
LUX,Luxembourg,2014,17,6.946,0.25892024253731344
LUX,Luxembourg,2015,20,6.871,0.24530543681777883
LUX,Luxembourg,2016,18,6.863,0.25256934900281097
LUX,Luxembourg,2017,17,6.91,0.2612005266980694
LUX,Luxembourg,2018,14,7.09,0.28583310765996905
LUX,Luxembourg,2019,10,7.23750019073486,0.285313170729754
LUX,Luxembourg,2020,9,7.324,0.27126655391792204
LUX,Luxembourg,2021,6,7.404,0.276135614747585
LUX,Luxembourg,2022,9,7.228,0.27620234242992947
LUX,Luxembourg,2023,8,7.122,0.29445884819064433
LUX,Luxembourg,2024,9,7.122,
MDG,Madagascar,2011,129,4.309,0.08689872677776309
MDG,Madagascar,2012,146,3.966,0.0834398465407153
MDG,Madagascar,2014,147,3.681,0.08458518901815004
MDG,Madagascar,2015,148,3.695,0.0894803310037059
MDG,Madagascar,2016,144,3.644,0.0924491798757572
MDG,Madagascar,2017,143,3.774,0.10027435862108236
MDG,Madagascar,2018,143,3.933,0.1026607941951827
MDG,Madagascar,2019,137,4.16559982299805,0.10550557825589338
MDG,Madagascar,2020,136,4.208,0.09520728857023804
MDG,Madagascar,2021,128,4.339,0.10238425062211645
MDG,Madagascar,2022,127,4.019,0.11010847680941983
MDG,Madagascar,2023,123,4.228,
MDG,Madagascar,2024,130,4.157,
MWI,Malawi,2011,114,4.624,0.10628362984955825
MWI,Malawi,2012,139,4.113,0.09427644726331666
MWI,Malawi,2014,131,4.292,0.1131685837052572
MWI,Malawi,2015,132,4.156,0.10776463315580026
MWI,Malawi,2016,136,3.97,0.10882819341484773
MWI,Malawi,2017,147,3.587,0.12184302092532732
MWI,Malawi,2018,150,3.41,0.12173877892851516
MWI,Malawi,2019,145,3.53800010681152,0.11787669742999053
MWI,Malawi,2020,145,3.6,0.12148337443592647
MWI,Malawi,2021,138,3.75,0.11633292222702732
MWI,Malawi,2022,131,3.495,0.11550706179042246
MWI,Malawi,2023,136,3.421,
MWI,Malawi,2024,144,3.26,
MYS,Malaysia,2011,51,5.823,0.14828401023051094
MYS,Malaysia,2012,56,5.76,0.1563089754925897
MYS,Malaysia,2014,61,5.77,0.148663292222143
MYS,Malaysia,2015,47,6.005,0.14284828211439657
MYS,Malaysia,2016,42,6.084,0.137720583469433
MYS,Malaysia,2017,35,6.322,0.13114820995256174
MYS,Malaysia,2018,80,5.339,0.12209413162402608
MYS,Malaysia,2019,82,5.38430023193359,0.12133297372049885
MYS,Malaysia,2020,82,5.384,0.1109165380087276
MYS,Malaysia,2021,70,5.711,0.11413687074724511
MYS,Malaysia,2022,55,6.012,0.11815559632789714
MYS,Malaysia,2023,59,5.975,
MYS,Malaysia,2024,64,5.955,
MDV,Maldives,2019,87,5.1975998878479,0.1874665827339661
MDV,Maldives,2020,90,5.198,0.19242746366342703
MLI,Mali,2011,143,3.967,0.12300648815490839
MLI,Mali,2012,132,4.247,0.12530193502887116
MLI,Mali,2014,138,3.995,0.12378912273766325
MLI,Mali,2015,135,4.073,0.13657651983226055
MLI,Mali,2016,127,4.19,0.1465064775600745
MLI,Mali,2017,118,4.447,0.14968799729389182
MLI,Mali,2018,128,4.39,0.11657534311587261
MLI,Mali,2019,114,4.72930002212524,0.1517061165039242
MLI,Mali,2020,118,4.723,0.15321388375426712
MLI,Mali,2021,123,4.479,0.1616121955289687
MLI,Mali,2022,120,4.198,0.14272136617156195
MLI,Mali,2023,122,4.232,
MLI,Mali,2024,123,4.345,
MLT,Malta,2011,47,5.96,0.25410336982795395
MLT,Malta,2012,48,5.964,0.25294826203208554
MLT,Malta,2014,37,6.302,0.2541847133757962
MLT,Malta,2015,30,6.488,0.23804275511202425
MLT,Malta,2016,27,6.527,0.24479372238586156
MLT,Malta,2017,22,6.627,0.2385563178047224
MLT,Malta,2018,22,6.726,0.23881643394985014
MLT,Malta,2019,22,6.77279996871948,0.23962135124023573
MLT,Malta,2020,24,6.602,0.21724864073609368
MLT,Malta,2021,33,6.447,0.21895471449136275
MLT,Malta,2022,37,6.3,0.223367339107554
MLT,Malta,2023,40,6.346,0.21754794188861984
MLT,Malta,2024,48,6.316,
MRT,Mauritania,2011,113,4.643,0.1004219565899004
MRT,Mauritania,2012,112,4.758,0.12816892994758783
MRT,Mauritania,2014,124,4.436,0.1423633989818262
MRT,Mauritania,2015,130,4.201,0.1362217113370975
MRT,Mauritania,2016,123,4.292,0.13394715463436863
MRT,Mauritania,2017,126,4.356,0.13665717271246394
MRT,Mauritania,2018,122,4.49,0.14366086346469745
MRT,Mauritania,2019,129,4.37459993362427,0.13090397797887215
MRT,Mauritania,2020,135,4.227,0.11881449383894509
MRT,Mauritania,2021,133,4.153,0.1374733136259907
MRT,Mauritania,2022,103,4.724,0.14396048940723577
MRT,Mauritania,2023,111,4.505,
MRT,Mauritania,2024,114,4.542,
MUS,Mauritius,2011,64,5.477,0.18011953183984433
MUS,Mauritius,2012,67,5.477,0.1857185789610682
MUS,Mauritius,2014,71,5.477,0.18173763460063794
MUS,Mauritius,2015,66,5.648,0.18048408784233233
MUS,Mauritius,2016,64,5.629,0.1763978269793575
MUS,Mauritius,2017,55,5.891,0.1796204216196726
MUS,Mauritius,2018,57,5.888,0.184226401468262
MUS,Mauritius,2019,49,6.10129976272583,0.19360462356085045
MUS,Mauritius,2020,51,6.049,0.2065504810369948
MUS,Mauritius,2021,52,6.071,0.18096781427589823
MUS,Mauritius,2022,59,5.902,0.19026814608959478
MUS,Mauritius,2023,70,5.816,
MUS,Mauritius,2024,78,5.832,
MEX,Mexico,2011,24,6.74,0.10281871025829298
MEX,Mexico,2012,16,7.088,0.10106393115569827
MEX,Mexico,2014,14,7.187,0.11114482933870544
MEX,Mexico,2015,21,6.778,0.13231484690915077
MEX,Mexico,2016,25,6.578,0.14010041577084137
MEX,Mexico,2017,24,6.488,0.13575543536379897
MEX,Mexico,2018,23,6.595,0.13603199903047028
MEX,Mexico,2019,24,6.46500015258789,0.1369609556987875
MEX,Mexico,2020,37,6.317,0.14835626050016432
MEX,Mexico,2021,46,6.128,0.14426430719672342
MEX,Mexico,2022,36,6.33,0.14043952547585237
MEX,Mexico,2023,25,6.678,0.1535264515502701
MEX,Mexico,2024,10,6.979,
MNG,Mongolia,2011,119,4.562,0.2608214524581928
MNG,Mongolia,2012,102,4.834,0.21673711471787024
MNG,Mongolia,2014,100,4.874,0.19251314186756374
MNG,Mongolia,2015,101,4.907,0.17921114860194556
MNG,Mongolia,2016,100,4.955,0.16050081267900426
MNG,Mongolia,2017,94,5.125,0.20320797997594564
MNG,Mongolia,2018,83,5.285,0.22763663423230826
MNG,Mongolia,2019,81,5.45620012283325,0.2314000881360546
MNG,Mongolia,2020,71,5.677,0.20679099491299494
MNG,Mongolia,2021,68,5.761,0.23877589699666987
MNG,Mongolia,2022,61,5.84,0.25655717503661546
MNG,Mongolia,2023,77,5.696,
MNG,Mongolia,2024,77,5.833,
MNE,Montenegro,2011,86,5.147,0.2433384379785605
MNE,Montenegro,2012,80,5.299,0.2471235460546998
MNE,Montenegro,2014,83,5.192,0.27472527472527475
MNE,Montenegro,2015,88,5.161,0.2533515731874145
MNE,Montenegro,2016,83,5.237,0.2559433485078402
MNE,Montenegro,2017,81,5.347,0.2568039078855548
MNE,Montenegro,2018,73,5.523,0.2614196868968475
MNE,Montenegro,2019,72,5.54610013961792,0.2720662492425773
MNE,Montenegro,2020,73,5.581,0.269708552317248
MNE,Montenegro,2021,75,5.547,0.2665993945509586
MNE,Montenegro,2022,67,5.722,
MNE,Montenegro,2023,76,5.707,
MNE,Montenegro,2024,71,5.877,
MAR,Morocco,2011,105,4.793,0.21445794807424917
MAR,Morocco,2012,99,4.885,0.2228166569582427
MAR,Morocco,2014,92,5.013,0.20664558419557963
MAR,Morocco,2015,90,5.151,0.19724351799291173
MAR,Morocco,2016,84,5.235,0.20326737790027682
MAR,Morocco,2017,85,5.254,0.20634547217108612
MAR,Morocco,2018,89,5.208,0.20755193321491888
MAR,Morocco,2019,97,5.09479999542236,0.20464103972218906
MAR,Morocco,2020,107,4.918,0.2050849614916727
MAR,Morocco,2021,100,5.06,0.20775538986324998
MAR,Morocco,2022,100,4.903,0.23175997870818107
MAR,Morocco,2023,107,4.795,
MAR,Morocco,2024,112,4.622,
MOZ,Mozambique,2011,110,4.693,
MOZ,Mozambique,2012,94,4.971,
MOZ,Mozambique,2014,94,4.971,0.3384300554317628
MOZ,Mozambique,2016,113,4.55,0.24696853700713114
MOZ,Mozambique,2017,123,4.417,0.1935343015900681
MOZ,Mozambique,2018,123,4.466,0.21132409776033734
MOZ,Mozambique,2019,120,4.62360000610352,0.20951305695575684
MOZ,Mozambique,2020,116,4.794,0.20519241543065117
MOZ,Mozambique,2021,101,5.048,0.22583959194268557
MOZ,Mozambique,2022,97,4.954,0.21138659941413038
MOZ,Mozambique,2023,90,5.216,
MOZ,Mozambique,2024,96,5.19,
MMR,Myanmar,2011,74,5.322,0.04195120085312442
MMR,Myanmar,2012,121,4.439,0.07034229745879778
MMR,Myanmar,2014,129,4.307,0.0823533204376946
MMR,Myanmar,2015,119,4.395,0.064141536846008
MMR,Myanmar,2016,114,4.545,0.07967311950216063
MMR,Myanmar,2017,130,4.308,0.07985487404453474
MMR,Myanmar,2018,131,4.36,0.07449162456889401
MMR,Myanmar,2019,133,4.30800008773804,0.07116809116809117
MMR,Myanmar,2020,127,4.426,0.07286751361161524
MMR,Myanmar,2021,126,4.394,
MMR,Myanmar,2022,117,4.372,
MMR,Myanmar,2023,118,4.354,
MMR,Myanmar,2024,126,4.321,
NAM,Namibia,2011,97,4.886,0.22114842397456386
NAM,Namibia,2015,113,4.574,0.21529390010888994
NAM,Namibia,2016,111,4.574,0.21239381087199127
NAM,Namibia,2017,119,4.441,0.20309494666899808
NAM,Namibia,2018,113,4.639,0.19079565506138613
NAM,Namibia,2019,122,4.57110023498535,0.1965995441777817
NAM,Namibia,2020,125,4.574,0.1842917918510356
NAM,Namibia,2021,124,4.459,0.19782778299107434
NAM,Namibia,2022,105,4.631,0.19987934750351496
NAM,Namibia,2023,106,4.832,
NAM,Namibia,2024,103,4.911,
,Nepal,2011,121,4.474,
,Nepal,2012,135,4.156,
,Nepal,2014,121,4.514,
,Nepal,2015,107,4.793,
,Nepal,2016,99,4.962,
,Nepal,2017,101,4.88,
,Nepal,2018,100,4.913,
,Nepal,2019,92,5.13719987869263,
,Nepal,2020,88,5.269,
,Nepal,2021,84,5.377,
,Nepal,2022,78,5.36,
,Nepal,2023,93,5.158,
,Nepal,2024,92,5.311,
NLD,Netherlands,2011,4,7.512,0.21651552636914206
NLD,Netherlands,2012,4,7.512,0.20893545133023006
NLD,Netherlands,2014,7,7.378,0.2212909300690954
NLD,Netherlands,2015,7,7.339,0.22729931705224013
NLD,Netherlands,2016,6,7.377,0.23346547714097268
NLD,Netherlands,2017,6,7.441,0.24472971695160622
NLD,Netherlands,2018,5,7.488,0.24419610478194984
NLD,Netherlands,2019,6,7.44890022277832,0.25300837464010983
NLD,Netherlands,2020,6,7.464,0.25710411861896987
NLD,Netherlands,2021,5,7.415,0.2562694184285794
NLD,Netherlands,2022,5,7.403,0.25542049868185385
NLD,Netherlands,2023,6,7.319,0.26424247306338805
NLD,Netherlands,2024,5,7.306,
NZL,New Zealand,2011,8,7.372,0.3063890889790348
NZL,New Zealand,2012,13,7.221,0.32058109810314167
NZL,New Zealand,2014,9,7.286,0.31800502272680103
NZL,New Zealand,2015,8,7.334,0.3236694638935333
NZL,New Zealand,2016,8,7.314,0.32442919806545945
NZL,New Zealand,2017,8,7.324,0.32323750676371504
NZL,New Zealand,2018,8,7.307,0.33010552903370843
NZL,New Zealand,2019,8,7.29960012435913,0.3116190464273872
NZL,New Zealand,2020,10,7.277,0.3573479904662687
NZL,New Zealand,2021,10,7.2,0.3563064020287022
NZL,New Zealand,2022,10,7.123,0.34287165366122857
NZL,New Zealand,2023,11,7.029,0.34705853284905985
NZL,New Zealand,2024,12,6.952,
NIC,Nicaragua,2011,89,5.115,0.15889114126616236
NIC,Nicaragua,2012,65,5.507,0.1637918123775172
NIC,Nicaragua,2014,57,5.828,0.16847429033602138
NIC,Nicaragua,2015,48,5.992,0.17075705083590495
NIC,Nicaragua,2016,43,6.071,0.1766853679117764
NIC,Nicaragua,2017,41,6.141,0.18088014055745041
NIC,Nicaragua,2018,45,6.105,0.17234697621950032
NIC,Nicaragua,2019,46,6.13710021972656,0.18959593148349793
NIC,Nicaragua,2020,56,5.972,0.18749336091365312
NIC,Nicaragua,2021,45,6.165,0.20594672317315346
NIC,Nicaragua,2022,40,6.259,0.2145172054871151
NIC,Nicaragua,2023,43,6.284,
NIC,Nicaragua,2024,47,6.33,
NER,Niger,2011,137,4.122,0.12549588565534314
NER,Niger,2012,136,4.152,0.09858337909127537
NER,Niger,2014,144,3.845,0.11517630076508882
NER,Niger,2015,142,3.856,0.11708540416529764
NER,Niger,2016,135,4.028,0.09670526126208354
NER,Niger,2017,134,4.166,0.08902388023713487
NER,Niger,2018,114,4.628,0.10665936208584936
NER,Niger,2019,103,4.90959978103638,0.0983203188467078
NER,Niger,2020,97,5.074,0.09235372422354785
NER,Niger,2021,104,5.003,0.09896379245784218
NER,Niger,2022,109,4.501,0.09056900424799669
NER,Niger,2023,109,4.556,
NER,Niger,2024,110,4.725,
NGA,Nigeria,2011,100,4.856,
NGA,Nigeria,2012,82,5.248,
NGA,Nigeria,2014,78,5.268,
NGA,Nigeria,2015,103,4.875,
NGA,Nigeria,2016,95,5.074,
NGA,Nigeria,2017,91,5.155,
NGA,Nigeria,2018,85,5.265,
NGA,Nigeria,2019,115,4.72410011291504,
NGA,Nigeria,2020,117,4.759,
NGA,Nigeria,2021,118,4.552,
NGA,Nigeria,2022,95,4.981,
NGA,Nigeria,2023,102,4.881,
NGA,Nigeria,2024,105,4.885,
,North Cyprus,2012,69,5.463,
,North Cyprus,2014,66,5.695,
,North Cyprus,2015,62,5.771,
,North Cyprus,2016,61,5.81,
,North Cyprus,2017,58,5.835,
,North Cyprus,2018,64,5.718,
,North Cyprus,2019,76,5.53550004959106,
,North Cyprus,2020,75,5.536,
,North Cyprus,2021,79,5.467,
,North Macedonia,2011,127,4.369,
,North Macedonia,2012,118,4.574,
,North Macedonia,2014,93,5.007,
,North Macedonia,2015,95,5.121,
,North Macedonia,2016,92,5.175,
,North Macedonia,2017,89,5.185,
,North Macedonia,2018,84,5.274,
,North Macedonia,2019,90,5.15980005264282,
,North Macedonia,2020,95,5.101,
,North Macedonia,2021,89,5.199,
,North Macedonia,2022,87,5.254,
,North Macedonia,2023,84,5.369,
,North Macedonia,2024,86,5.503,
NOR,Norway,2011,3,7.524,0.32453275509808255
NOR,Norway,2012,2,7.655,0.3185932137992808
NOR,Norway,2014,4,7.522,0.28607678530143016
NOR,Norway,2015,4,7.498,0.27801058276784457
NOR,Norway,2016,1,7.537,0.2803649509713466
NOR,Norway,2017,2,7.594,0.28229661184242205
NOR,Norway,2018,3,7.554,0.2926254390019066
NOR,Norway,2019,5,7.48799991607666,0.2937172082016472
NOR,Norway,2020,7,7.392,0.27700916490325933
NOR,Norway,2021,8,7.365,0.32047026663243855
NOR,Norway,2022,7,7.315,0.3593117329115301
NOR,Norway,2023,7,7.302,0.3222383064004084
NOR,Norway,2024,7,7.262,
,Oman,2012,23,6.853,
,Oman,2014,22,6.853,
,Oman,2024,52,6.197,
PAK,Pakistan,2011,85,5.149,0.08808460582138895
PAK,Pakistan,2012,81,5.292,0.09290819153533875
PAK,Pakistan,2014,81,5.194,0.09444487075809717
PAK,Pakistan,2015,92,5.132,0.09929047245305642
PAK,Pakistan,2016,80,5.269,0.1118409326140352
PAK,Pakistan,2017,75,5.472,0.11163671718971145
PAK,Pakistan,2018,67,5.653,0.11398371158216894
PAK,Pakistan,2019,66,5.69329977035522,0.10212701600681723
PAK,Pakistan,2020,106,4.934,0.09985189652028446
PAK,Pakistan,2021,121,4.516,0.093953343013429
PAK,Pakistan,2022,108,4.555,0.10415874687141209
PAK,Pakistan,2023,108,4.657,0.10010143317806683
PAK,Pakistan,2024,109,4.768,
PAN,Panama,2011,21,6.863,0.09931794158553546
PAN,Panama,2012,15,7.143,0.10584232256216886
PAN,Panama,2014,25,6.786,0.09312462311557788
PAN,Panama,2015,25,6.701,0.08973201098783491
PAN,Panama,2016,30,6.452,0.09359141576553308
PAN,Panama,2017,27,6.43,0.0887676987032326
PAN,Panama,2018,31,6.321,0.08876535798139508
PAN,Panama,2019,36,6.30480003356934,0.07854932445999827
PAN,Panama,2020,42,6.18,0.06954910925429607
PAN,Panama,2021,37,6.309,0.06699534173008737
PAN,Panama,2022,38,6.265,0.07700000000000001
PAN,Panama,2023,39,6.358,0.07700000000000001
PAN,Panama,2024,41,6.407,
PRY,Paraguay,2011,70,5.398,0.09926604756968621
PRY,Paraguay,2012,54,5.779,0.09968066795046875
PRY,Paraguay,2014,53,5.878,0.10295125124034407
PRY,Paraguay,2015,70,5.538,0.10152956107039257
PRY,Paraguay,2016,70,5.493,0.1013478775055523
PRY,Paraguay,2017,64,5.681,0.10487303447437243
PRY,Paraguay,2018,63,5.743,0.10602595425416045
PRY,Paraguay,2019,67,5.69210004806519,0.1038758770013139
PRY,Paraguay,2020,72,5.653,0.09871032035724886
PRY,Paraguay,2021,73,5.578,0.10167778420306725
PRY,Paraguay,2022,66,5.738,0.10641445203141003
PRY,Paraguay,2023,57,5.977,0.10554986751916001
PRY,Paraguay,2024,54,6.172,
PER,Peru,2011,77,5.258,0.16369309275679597
PER,Peru,2012,55,5.776,0.1688972058831063
PER,Peru,2014,58,5.824,0.16880799186530837
PER,Peru,2015,64,5.743,0.15106300412533052
PER,Peru,2016,63,5.715,0.1390384192686443
PER,Peru,2017,65,5.663,0.1322509594400232
PER,Peru,2018,65,5.697,0.14350914077902807
PER,Peru,2019,63,5.79680013656616,0.1463225948011251
PER,Peru,2020,64,5.84,0.13236031198019513
PER,Peru,2021,74,5.559,0.1629680056382148
PER,Peru,2022,75,5.526,0.17310401637051406
PER,Peru,2023,68,5.841,
PER,Peru,2024,65,5.947,
PHL,Philippines,2011,103,4.825,0.12650002533352023
PHL,Philippines,2012,92,4.985,0.1314486959057967
PHL,Philippines,2014,90,5.073,0.13836248189194256
PHL,Philippines,2015,82,5.279,0.13937222746814634
PHL,Philippines,2016,72,5.43,0.13960900207250915
PHL,Philippines,2017,71,5.524,0.14533508316385965
PHL,Philippines,2018,69,5.631,0.15019829247884678
PHL,Philippines,2019,52,6.00600004196167,0.1548236144078061
PHL,Philippines,2020,62,5.88,0.15041794382944115
PHL,Philippines,2021,60,5.904,0.15157812353817107
PHL,Philippines,2022,76,5.523,0.1559090461732003
PHL,Philippines,2023,53,6.048,
PHL,Philippines,2024,57,6.107,
POL,Poland,2011,53,5.803,0.20853787972897214
POL,Poland,2012,51,5.822,0.20304461462766138
POL,Poland,2014,60,5.791,0.20038787405501274
POL,Poland,2015,57,5.835,0.2004769607071785
POL,Poland,2016,46,5.973,0.208082214325992
POL,Poland,2017,42,6.123,0.21382705414682512
POL,Poland,2018,40,6.182,0.22003830695125856
POL,Poland,2019,43,6.1862998008728,0.21967566414914275
POL,Poland,2020,45,6.166,0.22066269348308915
POL,Poland,2021,48,6.123,0.23730343381337451
POL,Poland,2022,39,6.26,0.2161403773516179
POL,Poland,2023,35,6.442,0.2176062134747079
POL,Poland,2024,26,6.673,
PRT,Portugal,2011,73,5.327,0.23328390923842676
PRT,Portugal,2012,85,5.101,0.22979202194348053
PRT,Portugal,2014,88,5.102,0.25181362735764556
PRT,Portugal,2015,94,5.123,0.25377155172413796
PRT,Portugal,2016,89,5.195,0.24981676296316158
PRT,Portugal,2017,77,5.41,0.24948260084359547
PRT,Portugal,2018,66,5.693,0.2533196576000078
PRT,Portugal,2019,59,5.9109001159668,0.24887831632653062
PRT,Portugal,2020,59,5.929,0.24719614319590663
PRT,Portugal,2021,56,6.016,0.24782882050353386
PRT,Portugal,2022,56,5.968,0.2580763327810812
PRT,Portugal,2023,55,6.03,0.25350405446756424
PRT,Portugal,2024,60,6.013,
,Puerto Rico,2011,27,6.593,
,Puerto Rico,2015,15,7.039,
,Qatar,2011,31,6.569,
,Qatar,2012,27,6.666,
,Qatar,2014,28,6.611,
,Qatar,2015,36,6.375,
,Qatar,2016,35,6.375,
,Qatar,2017,32,6.374,
,Qatar,2018,29,6.374,
,Republic of Korea,2011,56,5.643,
,Republic of Korea,2012,41,6.267,
,Republic of Korea,2014,47,5.984,
,Republic of Korea,2015,58,5.835,
,Republic of Korea,2016,55,5.838,
,Republic of Korea,2017,57,5.875,
,Republic of Korea,2018,54,5.895,
,Republic of Korea,2019,61,5.87239980697632,
,Republic of Korea,2020,63,5.845,
,Republic of Korea,2021,59,5.935,
,Republic of Korea,2022,57,5.951,
,Republic of Korea,2023,52,6.058,
,Republic of Korea,2024,58,6.038,
,Republic of Moldova,2011,75,5.305,
,Republic of Moldova,2012,53,5.791,
,Republic of Moldova,2014,52,5.889,
,Republic of Moldova,2015,55,5.897,
,Republic of Moldova,2016,56,5.838,
,Republic of Moldova,2017,67,5.64,
,Republic of Moldova,2018,71,5.529,
,Republic of Moldova,2019,70,5.60750007629395,
,Republic of Moldova,2020,66,5.766,
,Republic of Moldova,2021,62,5.857,
,Republic of Moldova,2022,63,5.819,
,Republic of Moldova,2023,71,5.816,
,Republic of Moldova,2024,80,5.819,
ROU,Romania,2011,80,5.178,0.18235056701004593
ROU,Romania,2012,90,5.033,0.1811875371216011
ROU,Romania,2014,86,5.124,0.18931147178251273
ROU,Romania,2015,71,5.528,0.19884722908339694
ROU,Romania,2016,57,5.825,0.18064181589010203
ROU,Romania,2017,52,5.945,0.16496336394166414
ROU,Romania,2018,48,6.07,0.15215091042365483
ROU,Romania,2019,47,6.12370014190674,0.15370687021465604
ROU,Romania,2020,47,6.14,0.1497647595898315
ROU,Romania,2021,28,6.477,0.1580582630414855
ROU,Romania,2022,24,6.589,0.1678433933114258
ROU,Romania,2023,32,6.491,
ROU,Romania,2024,35,6.563,
RUS,Russian Federation,2011,76,5.284,0.26720113006618873
RUS,Russian Federation,2012,68,5.464,0.2601947478431709
RUS,Russian Federation,2014,64,5.716,0.2545462459591315
RUS,Russian Federation,2015,56,5.856,0.22839965068092186
RUS,Russian Federation,2016,49,5.963,0.22102248918556003
RUS,Russian Federation,2017,59,5.81,0.24199959422125242
RUS,Russian Federation,2018,68,5.648,0.2669023484119346
RUS,Russian Federation,2019,73,5.5460000038147,0.2590344890510949
RUS,Russian Federation,2020,77,5.477,0.2306941504178273
RUS,Russian Federation,2021,80,5.459,0.20831794550810015
RUS,Russian Federation,2022,70,5.661,0.1995504832474227
RUS,Russian Federation,2023,72,5.785,0.22728324811156306
RUS,Russian Federation,2024,66,5.945,
RWA,Rwanda,2011,132,4.204,0.12141381865473022
RWA,Rwanda,2012,152,3.715,0.12814916524883027
RWA,Rwanda,2014,154,3.465,0.14405546416503645
RWA,Rwanda,2015,152,3.515,0.15244639227642276
RWA,Rwanda,2016,151,3.471,0.15207000547845143
RWA,Rwanda,2017,151,3.408,0.15247202365479595
RWA,Rwanda,2018,152,3.334,0.15883344378840825
RWA,Rwanda,2019,150,3.31229996681213,0.16301667920068758
RWA,Rwanda,2020,148,3.415,0.16055017192872773
RWA,Rwanda,2021,143,3.268,0.16022488120259526
SAU,Saudi Arabia,2011,26,6.597,
SAU,Saudi Arabia,2012,33,6.48,
SAU,Saudi Arabia,2014,35,6.411,
SAU,Saudi Arabia,2015,34,6.379,
SAU,Saudi Arabia,2016,37,6.344,
SAU,Saudi Arabia,2017,33,6.371,
SAU,Saudi Arabia,2018,28,6.375,0.0829249731233516
SAU,Saudi Arabia,2019,27,6.4064998626709,0.06997776836486976
SAU,Saudi Arabia,2020,27,6.494,0.08237471205007996
SAU,Saudi Arabia,2021,25,6.523,0.09673483040566037
SAU,Saudi Arabia,2022,30,6.463,0.07772022516425343
SAU,Saudi Arabia,2023,28,6.594,0.08908280572930996
SAU,Saudi Arabia,2024,32,6.6,
SEN,Senegal,2011,125,4.414,0.15332180974840015
SEN,Senegal,2012,147,3.959,0.15074855806378024
SEN,Senegal,2014,142,3.904,0.1516601749619618
SEN,Senegal,2015,128,4.219,0.1529094008269378
SEN,Senegal,2016,115,4.535,0.1588293320557038
SEN,Senegal,2017,109,4.631,0.155642296262175
SEN,Senegal,2018,111,4.681,0.1611994736797016
SEN,Senegal,2019,101,4.98080015182495,0.17524267472726213
SEN,Senegal,2020,93,5.132,0.17431325792496985
SEN,Senegal,2021,103,5.046,0.17761483371328443
SEN,Senegal,2022,102,4.855,0.18861649844637543
SEN,Senegal,2023,99,4.969,
SEN,Senegal,2024,107,4.856,
SRB,Serbia,2011,118,4.564,0.22236403255905504
SRB,Serbia,2012,106,4.813,0.22743538287343656
SRB,Serbia,2014,87,5.123,0.23282906494133224
SRB,Serbia,2015,86,5.177,0.2371723824665726
SRB,Serbia,2016,73,5.395,0.24669063440619565
SRB,Serbia,2017,78,5.398,0.25413298483195906
SRB,Serbia,2018,70,5.603,0.24977585273984745
SRB,Serbia,2019,64,5.77820014953613,0.2537074220346889
SRB,Serbia,2020,49,6.078,0.24779409374425077
SRB,Serbia,2021,43,6.178,0.2569561432515496
SRB,Serbia,2022,45,6.144,0.26278096530545625
SRB,Serbia,2023,37,6.411,
SRB,Serbia,2024,31,6.606,
SLE,Sierra Leone,2011,153,3.586,0.05590834567691594
SLE,Sierra Leone,2012,127,4.318,0.06387094094751264
SLE,Sierra Leone,2014,123,4.507,0.0666256865663025
SLE,Sierra Leone,2015,111,4.635,0.06231900215655703
SLE,Sierra Leone,2016,106,4.709,0.06814237248680693
SLE,Sierra Leone,2017,113,4.571,0.06870085014045722
SLE,Sierra Leone,2018,129,4.374,0.0699396244153185
SLE,Sierra Leone,2019,139,3.92639994621277,0.07361326541868544
SLE,Sierra Leone,2020,139,3.849,0.06657169806631638
SLE,Sierra Leone,2021,140,3.574,0.06942945387235454
SLE,Sierra Leone,2022,135,3.138,0.05734951008352413
SLE,Sierra Leone,2023,140,3.245,
SLE,Sierra Leone,2024,146,2.998,
SGP,Singapore,2011,33,6.549,0.13105718221351972
SGP,Singapore,2012,30,6.546,0.1358065032228673
SGP,Singapore,2014,24,6.798,0.13556553736326538
SGP,Singapore,2015,22,6.739,0.13139777632933752
SGP,Singapore,2016,26,6.572,0.1330865916597775
SGP,Singapore,2017,34,6.343,0.13990096579833422
SGP,Singapore,2018,34,6.262,0.13013140626318678
SGP,Singapore,2019,31,6.37709999084473,0.13151511497849863
SGP,Singapore,2020,33,6.377,0.12731539401563238
SGP,Singapore,2021,27,6.48,0.12812886949605123
SGP,Singapore,2022,25,6.587,0.1203319994761579
SGP,Singapore,2023,30,6.523,0.14006055253417496
SGP,Singapore,2024,34,6.565,
SVK,Slovakia,2011,55,5.657,0.16980202550810744
SVK,Slovakia,2012,46,5.969,0.16536595350072641
SVK,Slovakia,2014,45,5.995,0.18466311503421518
SVK,Slovakia,2015,45,6.078,0.18910517448690187
SVK,Slovakia,2016,40,6.098,0.18962135115440226
SVK,Slovakia,2017,39,6.173,0.19438850832644383
SVK,Slovakia,2018,38,6.198,0.19398296244784421
SVK,Slovakia,2019,37,6.28060007095337,0.19618438426612306
SVK,Slovakia,2020,35,6.331,0.19551709219502408
SVK,Slovakia,2021,35,6.391,0.2018546358297172
SVK,Slovakia,2022,29,6.469,0.20463885782420146
SVK,Slovakia,2023,45,6.257,0.20424182115289097
SVK,Slovakia,2024,50,6.221,
SVN,Slovenia,2011,49,5.922,0.21891619601573015
SVN,Slovenia,2012,44,6.06,0.22008997998439575
SVN,Slovenia,2014,55,5.848,0.2212323295763368
SVN,Slovenia,2015,63,5.768,0.2211607257539578
SVN,Slovenia,2016,62,5.758,0.2223617048046421
SVN,Slovenia,2017,51,5.948,0.21857308775392092
SVN,Slovenia,2018,44,6.118,0.22003873130553658
SVN,Slovenia,2019,33,6.36339998245239,0.22116481117907436
SVN,Slovenia,2020,30,6.461,0.20887118233252827
SVN,Slovenia,2021,22,6.63,0.21987174655034455
SVN,Slovenia,2022,22,6.65,0.21435960607001317
SVN,Slovenia,2023,21,6.743,0.2077682790266944
SVN,Slovenia,2024,19,6.792,
SOM,Somalia,2015,76,5.44,
SOM,Somalia,2016,93,5.151,
SOM,Somalia,2017,98,4.982,0.024095769581143116
SOM,Somalia,2018,112,4.668,0.030247885213927347
SOM,Somalia,2024,122,4.347,
,Somaliland Region,2011,111,4.691,
,Somaliland Region,2012,101,4.847,
,Somaliland Region,2014,91,5.057,
,Somaliland Region,2015,97,5.057,
ZAF,South Africa,2011,90,5.101,0.241208931122001
ZAF,South Africa,2012,96,4.963,0.2462648958477708
ZAF,South Africa,2014,113,4.642,0.25858319806059354
ZAF,South Africa,2015,116,4.459,0.2643156401305377
ZAF,South Africa,2016,101,4.829,0.2624925952580651
ZAF,South Africa,2017,105,4.724,0.26193459590648915
ZAF,South Africa,2018,106,4.722,0.2641199781552042
ZAF,South Africa,2019,109,4.81409978866577,0.2639963032488938
ZAF,South Africa,2020,104,4.956,0.24896801228167315
ZAF,South Africa,2021,91,5.194,0.2736441446517938
ZAF,South Africa,2022,85,5.275,0.27593603087240476
ZAF,South Africa,2023,83,5.422,
ZAF,South Africa,2024,95,5.213,
,South Sudan,2015,143,3.832,
,South Sudan,2016,147,3.591,
,South Sudan,2017,154,3.254,
,South Sudan,2018,156,2.853,
,South Sudan,2019,152,2.81660008430481,
ESP,Spain,2011,22,6.761,0.19266672281016947
ESP,Spain,2012,38,6.322,0.20584402546806646
ESP,Spain,2014,36,6.329,0.22104742388702428
ESP,Spain,2015,37,6.361,0.22246833812891403
ESP,Spain,2016,34,6.403,0.22007147137894523
ESP,Spain,2017,36,6.31,0.22170741796749469
ESP,Spain,2018,30,6.354,0.2275001732278788
ESP,Spain,2019,28,6.40089988708496,0.222706207974731
ESP,Spain,2020,28,6.491,0.22845359692671185
ESP,Spain,2021,29,6.476,0.24149840466088318
ESP,Spain,2022,32,6.436,0.24290838355917063
ESP,Spain,2023,36,6.421,0.23787578654550018
ESP,Spain,2024,38,6.466,
LKA,Sri Lanka,2011,130,4.26,
LKA,Sri Lanka,2012,137,4.151,
LKA,Sri Lanka,2014,132,4.271,0.09747854632886732
LKA,Sri Lanka,2015,117,4.415,0.11721110908138827
LKA,Sri Lanka,2016,120,4.44,0.11423491532879096
LKA,Sri Lanka,2017,116,4.471,0.11608681228239952
LKA,Sri Lanka,2018,120,4.366,0.11153767336415073
LKA,Sri Lanka,2019,130,4.3270001411438,0.10903948475568061
LKA,Sri Lanka,2020,130,4.325,0.07775304892487678
LKA,Sri Lanka,2021,127,4.362,0.0736992309950336
LKA,Sri Lanka,2022,112,4.442,0.07277050247710634
LKA,Sri Lanka,2023,128,3.898,
LKA,Sri Lanka,2024,133,3.891,
,State of Palestine,2011,120,4.555,
,State of Palestine,2012,113,4.7,
,State of Palestine,2014,108,4.715,
,State of Palestine,2015,108,4.754,
,State of Palestine,2016,103,4.775,
,State of Palestine,2017,104,4.743,
,State of Palestine,2018,110,4.696,
,State of Palestine,2019,125,4.55280017852783,
,State of Palestine,2020,126,4.517,
,State of Palestine,2021,122,4.483,
,State of Palestine,2022,99,4.908,
,State of Palestine,2023,103,4.879,
,State of Palestine,2024,108,4.78,
,Sudan,2011,124,4.424,
,Sudan,2012,124,4.401,
,Sudan,2014,118,4.55,
,Sudan,2015,133,4.139,
,Sudan,2016,130,4.139,
,Sudan,2017,137,4.139,
,Suriname,2012,40,6.269,
,Suriname,2014,40,6.269,
,Suriname,2015,40,6.269,
,Swaziland,2012,100,4.867,
,Swaziland,2014,101,4.867,
,Swaziland,2018,135,4.212,
,Swaziland,2019,132,4.30810022354126,
,Swaziland,2020,131,4.308,
SWE,Sweden,2011,7,7.379,0.3245224146284517
SWE,Sweden,2012,5,7.48,0.3225005383255578
SWE,Sweden,2014,8,7.364,0.3268485080668661
SWE,Sweden,2015,10,7.291,0.3335065380829894
SWE,Sweden,2016,10,7.284,0.34250506276557374
SWE,Sweden,2017,9,7.314,0.34825982176814846
SWE,Sweden,2018,7,7.343,0.3444111264876487
SWE,Sweden,2019,7,7.35349988937378,0.33775394893713906
SWE,Sweden,2020,8,7.363,0.3351045105156804
SWE,Sweden,2021,7,7.384,0.33796585686482183
SWE,Sweden,2022,6,7.395,0.33672654743367286
SWE,Sweden,2023,4,7.344,0.32496959813626547
SWE,Sweden,2024,4,7.345,
CHE,Switzerland,2011,6,7.499,0.19910973437057547
CHE,Switzerland,2012,3,7.65,0.19750444602672101
CHE,Switzerland,2014,1,7.587,0.19666137273596387
CHE,Switzerland,2015,2,7.509,0.20358388096285734
CHE,Switzerland,2016,4,7.494,0.20359743228579488
CHE,Switzerland,2017,5,7.487,0.21117012798809662
CHE,Switzerland,2018,6,7.48,0.20697776063050996
CHE,Switzerland,2019,3,7.55989980697632,0.21079546073649952
CHE,Switzerland,2020,4,7.571,0.2090699731972656
CHE,Switzerland,2021,4,7.512,0.21208153208622496
CHE,Switzerland,2022,8,7.24,0.19989880170664787
CHE,Switzerland,2023,9,7.06,0.2018093230839013
CHE,Switzerland,2024,13,6.935,
SYR,Syria,2011,107,4.735,
SYR,Syria,2012,148,3.892,
SYR,Syria,2014,156,3.006,
SYR,Syria,2015,156,3.069,
SYR,Syria,2016,152,3.462,
SYR,Syria,2017,150,3.462,
SYR,Syria,2018,149,3.462,
,Taiwan Province of China,2011,46,5.988,
,Taiwan Province of China,2012,42,6.221,
,Taiwan Province of China,2014,38,6.298,
,Taiwan Province of China,2015,35,6.379,
,Taiwan Province of China,2016,33,6.422,
,Taiwan Province of China,2017,26,6.441,
,Taiwan Province of China,2018,25,6.446,
,Taiwan Province of China,2019,25,6.45539999008179,
,Taiwan Province of China,2020,25,6.584,
,Taiwan Province of China,2021,26,6.512,
,Taiwan Province of China,2022,27,6.535,
,Taiwan Province of China,2023,31,6.503,
,Taiwan Province of China,2024,27,6.669,
TJK,Tajikistan,2011,115,4.614,0.16934384249559348
TJK,Tajikistan,2012,125,4.38,
TJK,Tajikistan,2014,106,4.786,
TJK,Tajikistan,2015,100,4.996,
TJK,Tajikistan,2016,96,5.041,
TJK,Tajikistan,2017,80,5.352,
TJK,Tajikistan,2018,74,5.467,
TJK,Tajikistan,2019,71,5.55569982528687,
TJK,Tajikistan,2020,79,5.466,
TJK,Tajikistan,2021,83,5.377,0.1654935197277296
TJK,Tajikistan,2022,80,5.33,0.16487787176319132
TJK,Tajikistan,2023,88,5.281,
TJK,Tajikistan,2024,90,5.411,
,Tanzania,2011,149,3.8,
,Tanzania,2012,151,3.77,
,Tanzania,2014,146,3.781,
,Tanzania,2015,149,3.666,
,Tanzania,2016,153,3.349,
,Tanzania,2017,153,3.303,
,Tanzania,2018,153,3.231,
,Tanzania,2019,148,3.47620010375977,
,Tanzania,2020,143,3.623,
,Tanzania,2021,139,3.702,
,Tanzania,2022,129,3.694,
,Tanzania,2023,131,3.781,
,Tanzania,2024,136,3.8,
THA,Thailand,2011,52,5.804,0.17740443240856518
THA,Thailand,2012,36,6.371,0.16762133076775815
THA,Thailand,2014,34,6.455,0.17250657461586372
THA,Thailand,2015,33,6.474,0.1763261431714762
THA,Thailand,2016,32,6.424,0.16792639756713298
THA,Thailand,2017,46,6.072,0.16269486252017737
THA,Thailand,2018,52,6.008,0.16458286270550126
THA,Thailand,2019,54,5.9987998008728,0.1613843167105188
THA,Thailand,2020,55,5.985,0.1572543364661572
THA,Thailand,2021,61,5.891,0.1554837846551721
THA,Thailand,2022,60,5.843,0.15786750097752822
THA,Thailand,2023,58,5.976,0.16130659381199228
THA,Thailand,2024,49,6.222,
TGO,Togo,2011,156,3.007,0.11561527884798638
TGO,Togo,2012,156,2.936,0.12044357186067026
TGO,Togo,2014,158,2.839,0.14936212202375485
TGO,Togo,2015,155,3.303,0.15680397282271047
TGO,Togo,2016,150,3.495,0.16310304427028902
TGO,Togo,2017,139,3.999,0.15790653012846662
TGO,Togo,2018,139,4.085,0.14766049659705568
TGO,Togo,2019,135,4.18720006942749,0.15487024212163172
TGO,Togo,2020,137,4.107,0.15749060528906414
TGO,Togo,2021,135,4.112,0.1715723438475743
TGO,Togo,2022,122,4.137,0.17433567030923997
TGO,Togo,2023,124,4.214,
TGO,Togo,2024,127,4.315,
TTO,Trinidad and Tobago,2011,38,6.263,0.2542002373073107
TTO,Trinidad and Tobago,2012,31,6.519,0.2479021603840683
TTO,Trinidad and Tobago,2014,41,6.168,0.24843887504268788
TTO,Trinidad and Tobago,2015,43,6.168,0.24540279868822595
TTO,Trinidad and Tobago,2016,38,6.168,0.18793743649498124
TTO,Trinidad and Tobago,2017,38,6.192,0.1629396457639234
TTO,Trinidad and Tobago,2018,39,6.192,0.19322663219408243
TTO,Trinidad and Tobago,2019,42,6.19189977645874,0.2099200297420745
TTO,Trinidad and Tobago,2024,70,5.905,
TUN,Tunisia,2011,87,5.141,0.20050677405457068
TUN,Tunisia,2012,104,4.826,0.19809971073820962
TUN,Tunisia,2014,107,4.739,0.21226252914606425
TUN,Tunisia,2015,98,5.045,0.2011581294820828
TUN,Tunisia,2016,102,4.805,0.1907982184741885
TUN,Tunisia,2017,111,4.592,0.20146253090935382
TUN,Tunisia,2018,124,4.461,0.2124004292605213
TUN,Tunisia,2019,128,4.39219999313354,0.2299613177406501
TUN,Tunisia,2020,123,4.596,0.22465330658388002
TUN,Tunisia,2021,120,4.516,0.2281882328996453
TUN,Tunisia,2022,110,4.497,0.2518797783944775
TUN,Tunisia,2023,115,4.422,
TUN,Tunisia,2024,113,4.552,
,Turkmenistan,2011,32,6.568,
,Turkmenistan,2012,59,5.628,
,Turkmenistan,2014,70,5.548,
,Turkmenistan,2015,65,5.658,
,Turkmenistan,2016,59,5.822,
,Turkmenistan,2017,68,5.636,
,Turkmenistan,2018,87,5.247,
,Turkmenistan,2019,95,5.11910009384155,
,Turkmenistan,2020,98,5.066,
,Turkmenistan,2021,78,5.474,
TUR,Türkiye,2011,78,5.234,0.18539417589371127
TUR,Türkiye,2012,77,5.345,0.18031689007568233
TUR,Türkiye,2014,76,5.332,0.17478778143732682
TUR,Türkiye,2015,78,5.389,0.17713750047321478
TUR,Türkiye,2016,69,5.5,0.17885002151102583
TUR,Türkiye,2017,74,5.483,0.17445381727182913
TUR,Türkiye,2018,79,5.373,0.1679140192163813
TUR,Türkiye,2019,93,5.13180017471313,0.15858560242345077
TUR,Türkiye,2020,105,4.948,0.167737626293238
TUR,Türkiye,2021,112,4.744,0.18170218379739397
TUR,Türkiye,2022,106,4.614,0.1583238718723221
TUR,Türkiye,2023,98,4.975,0.17071116016358492
TUR,Türkiye,2024,94,5.262,
UGA,Uganda,2011,128,4.313,0.0743497023595036
UGA,Uganda,2012,120,4.443,0.08094583032211439
UGA,Uganda,2014,141,3.931,0.0892627612006375
UGA,Uganda,2015,146,3.739,0.1000044052863436
UGA,Uganda,2016,133,4.081,0.10679265957446808
UGA,Uganda,2017,135,4.161,0.10895104294478528
UGA,Uganda,2018,136,4.189,0.11085571315996848
UGA,Uganda,2019,126,4.43200016021729,0.11513659528907923
UGA,Uganda,2020,120,4.636,0.11076423512747875
UGA,Uganda,2021,117,4.603,0.12033376792698827
UGA,Uganda,2022,113,4.432,0.11747694857142857
UGA,Uganda,2023,117,4.372,
UGA,Uganda,2024,116,4.461,
UKR,Ukraine,2011,91,5.089,0.24129253202522172
UKR,Ukraine,2012,87,5.057,0.2441073306237982
UKR,Ukraine,2014,111,4.681,0.22283008226653603
UKR,Ukraine,2015,123,4.324,0.24892665186186475
UKR,Ukraine,2016,132,4.096,0.25142395279216995
UKR,Ukraine,2017,138,4.103,0.25833661777516437
UKR,Ukraine,2018,133,4.332,0.2602880317456216
UKR,Ukraine,2019,123,4.56069993972778,0.25441232747275844
UKR,Ukraine,2020,111,4.875,0.2542266674814414
UKR,Ukraine,2021,98,5.084,0.2492399807809756
UKR,Ukraine,2022,92,5.071,0.2370329601531862
UKR,Ukraine,2023,105,4.873,0.2393035757304608
UKR,Ukraine,2024,111,4.68,
ARE,United Arab Emirates,2011,17,6.977,
ARE,United Arab Emirates,2012,14,7.144,0.2214543062880138
ARE,United Arab Emirates,2014,20,6.901,0.18404762750180498
ARE,United Arab Emirates,2015,28,6.573,0.12097038100890033
ARE,United Arab Emirates,2016,21,6.648,0.08612997662397039
ARE,United Arab Emirates,2017,20,6.774,0.11616450735022901
ARE,United Arab Emirates,2018,21,6.825,0.1534107103119925
ARE,United Arab Emirates,2019,21,6.79080009460449,0.1487231501947472
ARE,United Arab Emirates,2020,26,6.561,0.11780838995200399
ARE,United Arab Emirates,2021,24,6.576,0.130251373345296
ARE,United Arab Emirates,2022,26,6.571,0.1800374048832167
ARE,United Arab Emirates,2023,22,6.733,
ARE,United Arab Emirates,2024,21,6.759,
GBR,United Kingdom,2011,18,6.936,0.2675067214406438
GBR,United Kingdom,2012,22,6.883,0.2603455066916027
GBR,United Kingdom,2014,21,6.867,0.2583400715377173
GBR,United Kingdom,2015,23,6.725,0.2594996884866871
GBR,United Kingdom,2016,19,6.714,0.2632665146148033
GBR,United Kingdom,2017,19,6.814,0.2646892326080129
GBR,United Kingdom,2018,15,7.054,0.26478290822300193
GBR,United Kingdom,2019,13,7.16450023651123,0.26046064296812643
GBR,United Kingdom,2020,18,7.064,0.2599701459862343
GBR,United Kingdom,2021,17,6.943,0.27371816749803096
GBR,United Kingdom,2022,19,6.796,0.28129499930336427
GBR,United Kingdom,2023,20,6.749,0.2828635512709607
GBR,United Kingdom,2024,23,6.728,
USA,United States,2011,11,7.27,0.18330693329529849
USA,United States,2012,17,7.082,0.18499696996730025
USA,United States,2014,15,7.119,0.19670322649345118
USA,United States,2015,13,7.104,0.19935597157693358
USA,United States,2016,14,6.993,0.19581340501677755
USA,United States,2017,18,6.886,0.20314094360114418
USA,United States,2018,19,6.892,0.18735861912882248
USA,United States,2019,18,6.93959999084473,0.18868457368218858
USA,United States,2020,20,6.951,0.19315036322022092
USA,United States,2021,16,6.977,0.2057113508936951
USA,United States,2022,15,6.894,0.21342247634281672
USA,United States,2023,23,6.725,0.18873489059178647
USA,United States,2024,24,6.724,
URY,Uruguay,2011,50,5.898,0.17508978367615943
URY,Uruguay,2012,37,6.355,0.17252377858040924
URY,Uruguay,2014,32,6.485,0.1701337674442957
URY,Uruguay,2015,29,6.545,0.16966017583668497
URY,Uruguay,2016,28,6.454,0.21732248222082515
URY,Uruguay,2017,31,6.379,0.18077456628793973
URY,Uruguay,2018,33,6.293,0.18324768070479877
URY,Uruguay,2019,26,6.44010019302368,0.17865078119649694
URY,Uruguay,2020,32,6.431,0.18514888991989734
URY,Uruguay,2021,30,6.474,0.19628293150579332
URY,Uruguay,2022,28,6.494,
URY,Uruguay,2023,26,6.611,
URY,Uruguay,2024,28,6.661,
UZB,Uzbekistan,2011,79,5.225,0.15222868217054264
UZB,Uzbekistan,2012,60,5.623,0.1550626959247649
UZB,Uzbekistan,2014,44,6.003,
UZB,Uzbekistan,2015,49,5.987,0.16847335140018066
UZB,Uzbekistan,2016,47,5.971,0.14759592795614723
UZB,Uzbekistan,2017,44,6.096,0.12890603085553998
UZB,Uzbekistan,2018,41,6.174,0.14945535148828373
UZB,Uzbekistan,2019,38,6.25759983062744,0.16461072809820076
UZB,Uzbekistan,2020,43,6.179,0.16900149700598802
UZB,Uzbekistan,2021,53,6.063,0.16850335161486898
UZB,Uzbekistan,2022,54,6.014,0.16045600642828445
UZB,Uzbekistan,2023,47,6.195,0.15478942953020133
UZB,Uzbekistan,2024,53,6.193,
VEN,Venezuela,2011,19,6.922,0.12450397768636179
VEN,Venezuela,2012,20,7.039,0.13147926905354557
VEN,Venezuela,2014,23,6.81,
VEN,Venezuela,2015,44,6.084,
VEN,Venezuela,2016,82,5.25,
VEN,Venezuela,2017,102,4.806,
VEN,Venezuela,2018,108,4.707,
VEN,Venezuela,2019,99,5.05319976806641,
VEN,Venezuela,2020,108,4.892,
VEN,Venezuela,2021,108,4.925,
VEN,Venezuela,2022,88,5.211,
VEN,Venezuela,2023,79,5.607,
VEN,Venezuela,2024,82,5.683,
VNM,Viet Nam,2011,65,5.425,0.17175141242937852
VNM,Viet Nam,2012,63,5.533,0.15144820814923907
VNM,Viet Nam,2014,75,5.36,0.14522989669839984
VNM,Viet Nam,2015,96,5.061,0.14563667886727028
VNM,Viet Nam,2016,94,5.074,0.14311048058166342
VNM,Viet Nam,2017,95,5.103,0.14553543056879567
VNM,Viet Nam,2018,94,5.175,0.14995006420316737
VNM,Viet Nam,2019,83,5.35349988937378,0.1445439211106786
VNM,Viet Nam,2020,80,5.411,0.13127797115862755
VNM,Viet Nam,2021,77,5.485,0.13915400023565452
VNM,Viet Nam,2022,65,5.763,0.14409885851921667
VNM,Viet Nam,2023,54,6.043,
VNM,Viet Nam,2024,46,6.352,
YEM,Yemen,2011,123,4.454,0.05388094283932274
YEM,Yemen,2012,142,4.054,0.07038772564604465
YEM,Yemen,2014,136,4.077,
YEM,Yemen,2015,147,3.724,
YEM,Yemen,2016,146,3.593,
YEM,Yemen,2017,152,3.355,
YEM,Yemen,2018,151,3.38,
YEM,Yemen,2019,146,3.52740001678467,
YEM,Yemen,2020,142,3.658,
YEM,Yemen,2021,132,4.197,
YEM,Yemen,2023,133,3.561,
YEM,Yemen,2024,140,3.561,
ZMB,Zambia,2011,109,4.705,
ZMB,Zambia,2012,91,5.006,
ZMB,Zambia,2014,85,5.129,
ZMB,Zambia,2015,106,4.795,
ZMB,Zambia,2016,116,4.514,
ZMB,Zambia,2017,125,4.377,
ZMB,Zambia,2018,138,4.107,
ZMB,Zambia,2019,141,3.75939989089966,
ZMB,Zambia,2020,138,4.073,
ZMB,Zambia,2021,137,3.76,
ZMB,Zambia,2022,128,3.982,
ZMB,Zambia,2023,134,3.502,
ZMB,Zambia,2024,131,3.912,
ZWE,Zimbabwe,2011,142,3.978,
ZWE,Zimbabwe,2012,103,4.827,
ZWE,Zimbabwe,2014,115,4.61,
ZWE,Zimbabwe,2015,131,4.193,
ZWE,Zimbabwe,2016,138,3.875,
ZWE,Zimbabwe,2017,144,3.692,
ZWE,Zimbabwe,2018,146,3.663,
ZWE,Zimbabwe,2019,151,3.2992000579834,
ZWE,Zimbabwe,2020,149,3.145,
ZWE,Zimbabwe,2021,144,2.995,
ZWE,Zimbabwe,2022,134,3.204,
ZWE,Zimbabwe,2023,138,3.341,
ZWE,Zimbabwe,2024,143,3.396,
